,Unnamed: 0,quant_size,number_of_bins,std_threshold,method,number_of_sims,mse
0,0,0.4,23,0.6,mse_from_naive_method,0,38.925376615090755
1,1,0.4,23,0.6,mse_from_naive_method,1,1.6024165533657853
2,2,0.4,23,0.6,mse_from_naive_method,2,3.1383232397052505
3,3,0.4,23,0.6,mse_from_naive_method,3,1.2513010467536017
4,4,0.4,23,0.6,mse_from_naive_method,4,1.4541519074286635
5,5,0.4,23,0.6,mse_from_naive_method,5,1.013595908481597
6,6,0.4,23,0.6,mse_from_naive_method,6,1.2037691462530937
7,7,0.4,23,0.6,mse_from_naive_method,7,1.1475690563106735
8,8,0.4,23,0.6,mse_from_naive_method,8,2.2657986288138012
9,9,0.4,23,0.6,mse_from_naive_method,9,7.21034712001516
10,10,0.4,23,0.6,mse_from_naive_method,10,1.5791738559846624
11,11,0.4,23,0.6,mse_from_naive_method,11,0.9146663157314577
12,12,0.4,23,0.6,mse_from_naive_method,12,3.095835127998453
13,13,0.4,23,0.6,mse_from_naive_method,13,2.806847978414295
14,14,0.4,23,0.6,mse_from_naive_method,14,1.58594934564779
15,15,0.4,23,0.6,mse_from_naive_method,15,2.3472772780392135
16,16,0.4,23,0.6,mse_from_naive_method,16,1.642177703811498
17,17,0.4,23,0.6,mse_from_naive_method,17,1.8776845168732508
18,18,0.4,23,0.6,mse_from_naive_method,18,1.0423196738943832
19,19,0.4,23,0.6,mse_from_naive_method,19,2.26713293014459
20,20,0.4,23,0.6,mse_from_modulo_method,0,2.402317108678474
21,21,0.4,23,0.6,mse_from_modulo_method,1,3.6235334800242684
22,22,0.4,23,0.6,mse_from_modulo_method,2,3.442850222547273
23,23,0.4,23,0.6,mse_from_modulo_method,3,0.9703678903994742
24,24,0.4,23,0.6,mse_from_modulo_method,4,9.620904744263852
25,25,0.4,23,0.6,mse_from_modulo_method,5,4.462778179516058
26,26,0.4,23,0.6,mse_from_modulo_method,6,2.888424705243857
27,27,0.4,23,0.6,mse_from_modulo_method,7,1.2410339787069977
28,28,0.4,23,0.6,mse_from_modulo_method,8,1.4141166572917383
29,29,0.4,23,0.6,mse_from_modulo_method,9,1.6083276328086042
30,30,0.4,23,0.6,mse_from_modulo_method,10,2.628119223204455
31,31,0.4,23,0.6,mse_from_modulo_method,11,3.41795719744478
32,32,0.4,23,0.6,mse_from_modulo_method,12,1.2837621009445548
33,33,0.4,23,0.6,mse_from_modulo_method,13,1.5036382559057733
34,34,0.4,23,0.6,mse_from_modulo_method,14,3.9204391966761944
35,35,0.4,23,0.6,mse_from_modulo_method,15,1.099014948076888
36,36,0.4,23,0.6,mse_from_modulo_method,16,2.1037208577929776
37,37,0.4,23,0.6,mse_from_modulo_method,17,13.657433330313683
38,38,0.4,23,0.6,mse_from_modulo_method,18,8.413093024658583
39,39,0.4,23,0.6,mse_from_modulo_method,19,4.433258313915852
40,40,0.4,23,0.7263157894736842,mse_from_naive_method,0,1.4050345454384512
41,41,0.4,23,0.7263157894736842,mse_from_naive_method,1,1.1213733177904575
42,42,0.4,23,0.7263157894736842,mse_from_naive_method,2,1.7295263808770989
43,43,0.4,23,0.7263157894736842,mse_from_naive_method,3,3.703679091737615
44,44,0.4,23,0.7263157894736842,mse_from_naive_method,4,4.0299741118093975
45,45,0.4,23,0.7263157894736842,mse_from_naive_method,5,1.1256306800107114
46,46,0.4,23,0.7263157894736842,mse_from_naive_method,6,63.28996999628976
47,47,0.4,23,0.7263157894736842,mse_from_naive_method,7,1.445230590450032
48,48,0.4,23,0.7263157894736842,mse_from_naive_method,8,1.231465489352973
49,49,0.4,23,0.7263157894736842,mse_from_naive_method,9,1.0933795213871846
50,50,0.4,23,0.7263157894736842,mse_from_naive_method,10,1.5844039283096523
51,51,0.4,23,0.7263157894736842,mse_from_naive_method,11,7.498547381747869
52,52,0.4,23,0.7263157894736842,mse_from_naive_method,12,1.7904650154894914
53,53,0.4,23,0.7263157894736842,mse_from_naive_method,13,3.9458936061108374
54,54,0.4,23,0.7263157894736842,mse_from_naive_method,14,1.414471517273598
55,55,0.4,23,0.7263157894736842,mse_from_naive_method,15,3.9066428307043326
56,56,0.4,23,0.7263157894736842,mse_from_naive_method,16,2.8662666480080725
57,57,0.4,23,0.7263157894736842,mse_from_naive_method,17,1.2283404864308323
58,58,0.4,23,0.7263157894736842,mse_from_naive_method,18,1.3513863294510384
59,59,0.4,23,0.7263157894736842,mse_from_naive_method,19,2.4602043288273086
60,60,0.4,23,0.7263157894736842,mse_from_modulo_method,0,5.829384025358137
61,61,0.4,23,0.7263157894736842,mse_from_modulo_method,1,1.243064911248475
62,62,0.4,23,0.7263157894736842,mse_from_modulo_method,2,1.6928809798060838
63,63,0.4,23,0.7263157894736842,mse_from_modulo_method,3,5.6008854614943315
64,64,0.4,23,0.7263157894736842,mse_from_modulo_method,4,5.692563821190708
65,65,0.4,23,0.7263157894736842,mse_from_modulo_method,5,1.1766641905878183
66,66,0.4,23,0.7263157894736842,mse_from_modulo_method,6,3.690447156645844
67,67,0.4,23,0.7263157894736842,mse_from_modulo_method,7,1.5996590053078628
68,68,0.4,23,0.7263157894736842,mse_from_modulo_method,8,3.482586154162267
69,69,0.4,23,0.7263157894736842,mse_from_modulo_method,9,1.2748618497567172
70,70,0.4,23,0.7263157894736842,mse_from_modulo_method,10,14.859446050653956
71,71,0.4,23,0.7263157894736842,mse_from_modulo_method,11,2.0662923400375455
72,72,0.4,23,0.7263157894736842,mse_from_modulo_method,12,0.9027585873915401
73,73,0.4,23,0.7263157894736842,mse_from_modulo_method,13,1.2263373828674495
74,74,0.4,23,0.7263157894736842,mse_from_modulo_method,14,1.3047985942510478
75,75,0.4,23,0.7263157894736842,mse_from_modulo_method,15,1.501872281186666
76,76,0.4,23,0.7263157894736842,mse_from_modulo_method,16,1.3350713950295094
77,77,0.4,23,0.7263157894736842,mse_from_modulo_method,17,5.020326609771104
78,78,0.4,23,0.7263157894736842,mse_from_modulo_method,18,1.3235514681242717
79,79,0.4,23,0.7263157894736842,mse_from_modulo_method,19,2.676828153248631
80,80,0.4,23,0.8526315789473684,mse_from_naive_method,0,1.1676451741605123
81,81,0.4,23,0.8526315789473684,mse_from_naive_method,1,1.4900582026223423
82,82,0.4,23,0.8526315789473684,mse_from_naive_method,2,1.1678091846917915
83,83,0.4,23,0.8526315789473684,mse_from_naive_method,3,8.695349722183312
84,84,0.4,23,0.8526315789473684,mse_from_naive_method,4,2.648684675514387
85,85,0.4,23,0.8526315789473684,mse_from_naive_method,5,1.546152818989799
86,86,0.4,23,0.8526315789473684,mse_from_naive_method,6,6.272115255058536
87,87,0.4,23,0.8526315789473684,mse_from_naive_method,7,15.440047710674294
88,88,0.4,23,0.8526315789473684,mse_from_naive_method,8,2.9766310738671393
89,89,0.4,23,0.8526315789473684,mse_from_naive_method,9,1.8038179570563992
90,90,0.4,23,0.8526315789473684,mse_from_naive_method,10,2.1981119799724467
91,91,0.4,23,0.8526315789473684,mse_from_naive_method,11,7.735183628500379
92,92,0.4,23,0.8526315789473684,mse_from_naive_method,12,1.0239223148810739
93,93,0.4,23,0.8526315789473684,mse_from_naive_method,13,2.537854372676824
94,94,0.4,23,0.8526315789473684,mse_from_naive_method,14,2.6535394422872254
95,95,0.4,23,0.8526315789473684,mse_from_naive_method,15,7.208165336715024
96,96,0.4,23,0.8526315789473684,mse_from_naive_method,16,0.8984830957730378
97,97,0.4,23,0.8526315789473684,mse_from_naive_method,17,2.3619391963161234
98,98,0.4,23,0.8526315789473684,mse_from_naive_method,18,2.3841892951120403
99,99,0.4,23,0.8526315789473684,mse_from_naive_method,19,1.5031720622139133
100,100,0.4,23,0.8526315789473684,mse_from_modulo_method,0,2.4209602328657973
101,101,0.4,23,0.8526315789473684,mse_from_modulo_method,1,1.301936028219811
102,102,0.4,23,0.8526315789473684,mse_from_modulo_method,2,1.3839446958136867
103,103,0.4,23,0.8526315789473684,mse_from_modulo_method,3,1.4868935991088748
104,104,0.4,23,0.8526315789473684,mse_from_modulo_method,4,1.473059292040127
105,105,0.4,23,0.8526315789473684,mse_from_modulo_method,5,1.4466010856812026
106,106,0.4,23,0.8526315789473684,mse_from_modulo_method,6,15.756319632143548
107,107,0.4,23,0.8526315789473684,mse_from_modulo_method,7,1.1972586344332639
108,108,0.4,23,0.8526315789473684,mse_from_modulo_method,8,1.2731927742028666
109,109,0.4,23,0.8526315789473684,mse_from_modulo_method,9,5.784399031677268
110,110,0.4,23,0.8526315789473684,mse_from_modulo_method,10,0.9951958487286428
111,111,0.4,23,0.8526315789473684,mse_from_modulo_method,11,1.0767986970227514
112,112,0.4,23,0.8526315789473684,mse_from_modulo_method,12,7.611057179727368
113,113,0.4,23,0.8526315789473684,mse_from_modulo_method,13,2.3710008641294302
114,114,0.4,23,0.8526315789473684,mse_from_modulo_method,14,0.9677553569714596
115,115,0.4,23,0.8526315789473684,mse_from_modulo_method,15,1.3461156491439399
116,116,0.4,23,0.8526315789473684,mse_from_modulo_method,16,0.8812899419808364
117,117,0.4,23,0.8526315789473684,mse_from_modulo_method,17,31.996259380221225
118,118,0.4,23,0.8526315789473684,mse_from_modulo_method,18,3.204350295092819
119,119,0.4,23,0.8526315789473684,mse_from_modulo_method,19,1.1308486502212098
120,120,0.4,23,0.9789473684210526,mse_from_naive_method,0,6.6364993223172455
121,121,0.4,23,0.9789473684210526,mse_from_naive_method,1,1.214611726682636
122,122,0.4,23,0.9789473684210526,mse_from_naive_method,2,19.170872607694562
123,123,0.4,23,0.9789473684210526,mse_from_naive_method,3,1.5737263610545238
124,124,0.4,23,0.9789473684210526,mse_from_naive_method,4,1.5328929057710032
125,125,0.4,23,0.9789473684210526,mse_from_naive_method,5,1.4639703264041504
126,126,0.4,23,0.9789473684210526,mse_from_naive_method,6,1.692792788204138
127,127,0.4,23,0.9789473684210526,mse_from_naive_method,7,3.2832644981319117
128,128,0.4,23,0.9789473684210526,mse_from_naive_method,8,0.9230126268105235
129,129,0.4,23,0.9789473684210526,mse_from_naive_method,9,6.879274346957523
130,130,0.4,23,0.9789473684210526,mse_from_naive_method,10,2.282594808693249
131,131,0.4,23,0.9789473684210526,mse_from_naive_method,11,7.10649519645444
132,132,0.4,23,0.9789473684210526,mse_from_naive_method,12,6.183688500831097
133,133,0.4,23,0.9789473684210526,mse_from_naive_method,13,1.1730667616514319
134,134,0.4,23,0.9789473684210526,mse_from_naive_method,14,1.843768475990542
135,135,0.4,23,0.9789473684210526,mse_from_naive_method,15,1.029771516407283
136,136,0.4,23,0.9789473684210526,mse_from_naive_method,16,2.4901549314685214
137,137,0.4,23,0.9789473684210526,mse_from_naive_method,17,1.1805749680523019
138,138,0.4,23,0.9789473684210526,mse_from_naive_method,18,1.8542860405192627
139,139,0.4,23,0.9789473684210526,mse_from_naive_method,19,1.9730761538472275
140,140,0.4,23,0.9789473684210526,mse_from_modulo_method,0,1.9351153390475462
141,141,0.4,23,0.9789473684210526,mse_from_modulo_method,1,1.470930254628585
142,142,0.4,23,0.9789473684210526,mse_from_modulo_method,2,2.7300233489720385
143,143,0.4,23,0.9789473684210526,mse_from_modulo_method,3,7.050053846116666
144,144,0.4,23,0.9789473684210526,mse_from_modulo_method,4,1.703345973884819
145,145,0.4,23,0.9789473684210526,mse_from_modulo_method,5,1.165117032739469
146,146,0.4,23,0.9789473684210526,mse_from_modulo_method,6,2.270949110787246
147,147,0.4,23,0.9789473684210526,mse_from_modulo_method,7,4.99614974711529
148,148,0.4,23,0.9789473684210526,mse_from_modulo_method,8,49.59830439551314
149,149,0.4,23,0.9789473684210526,mse_from_modulo_method,9,5.302487879720616
150,150,0.4,23,0.9789473684210526,mse_from_modulo_method,10,1.7671525900802985
151,151,0.4,23,0.9789473684210526,mse_from_modulo_method,11,2.589482179224368
152,152,0.4,23,0.9789473684210526,mse_from_modulo_method,12,0.8109912800148215
153,153,0.4,23,0.9789473684210526,mse_from_modulo_method,13,3.795356387864027
154,154,0.4,23,0.9789473684210526,mse_from_modulo_method,14,1.1819603004222605
155,155,0.4,23,0.9789473684210526,mse_from_modulo_method,15,1.0442320799818312
156,156,0.4,23,0.9789473684210526,mse_from_modulo_method,16,1.165631355617664
157,157,0.4,23,0.9789473684210526,mse_from_modulo_method,17,2.2683454480942897
158,158,0.4,23,0.9789473684210526,mse_from_modulo_method,18,4.594175019235796
159,159,0.4,23,0.9789473684210526,mse_from_modulo_method,19,1.356404564365227
160,160,0.4,23,1.1052631578947367,mse_from_naive_method,0,1.0155236725856485
161,161,0.4,23,1.1052631578947367,mse_from_naive_method,1,1.1601807352656996
162,162,0.4,23,1.1052631578947367,mse_from_naive_method,2,5.842469880268081
163,163,0.4,23,1.1052631578947367,mse_from_naive_method,3,1.9799550428025787
164,164,0.4,23,1.1052631578947367,mse_from_naive_method,4,2.372481281981286
165,165,0.4,23,1.1052631578947367,mse_from_naive_method,5,1.225377915765404
166,166,0.4,23,1.1052631578947367,mse_from_naive_method,6,3.1637620689524932
167,167,0.4,23,1.1052631578947367,mse_from_naive_method,7,1.1047089082218746
168,168,0.4,23,1.1052631578947367,mse_from_naive_method,8,1.9264766122604196
169,169,0.4,23,1.1052631578947367,mse_from_naive_method,9,2.1524484423435535
170,170,0.4,23,1.1052631578947367,mse_from_naive_method,10,1.1191032229558286
171,171,0.4,23,1.1052631578947367,mse_from_naive_method,11,1.1096425737414892
172,172,0.4,23,1.1052631578947367,mse_from_naive_method,12,6.116442474695716
173,173,0.4,23,1.1052631578947367,mse_from_naive_method,13,1.6366131132647195
174,174,0.4,23,1.1052631578947367,mse_from_naive_method,14,1.4920493356852802
175,175,0.4,23,1.1052631578947367,mse_from_naive_method,15,3.5637495779801656
176,176,0.4,23,1.1052631578947367,mse_from_naive_method,16,1.962701142972966
177,177,0.4,23,1.1052631578947367,mse_from_naive_method,17,86.67140001950447
178,178,0.4,23,1.1052631578947367,mse_from_naive_method,18,1.116867195378925
179,179,0.4,23,1.1052631578947367,mse_from_naive_method,19,1.1549346709558679
180,180,0.4,23,1.1052631578947367,mse_from_modulo_method,0,2.0338814764319637
181,181,0.4,23,1.1052631578947367,mse_from_modulo_method,1,1.822129454296334
182,182,0.4,23,1.1052631578947367,mse_from_modulo_method,2,1.075136562305671
183,183,0.4,23,1.1052631578947367,mse_from_modulo_method,3,1.325021938100912
184,184,0.4,23,1.1052631578947367,mse_from_modulo_method,4,2.039758937852655
185,185,0.4,23,1.1052631578947367,mse_from_modulo_method,5,2.0737847550963506
186,186,0.4,23,1.1052631578947367,mse_from_modulo_method,6,2.228750303852973
187,187,0.4,23,1.1052631578947367,mse_from_modulo_method,7,2.3853092235332882
188,188,0.4,23,1.1052631578947367,mse_from_modulo_method,8,1.1125434455275975
189,189,0.4,23,1.1052631578947367,mse_from_modulo_method,9,1.7103179402770166
190,190,0.4,23,1.1052631578947367,mse_from_modulo_method,10,5.346464750859595
191,191,0.4,23,1.1052631578947367,mse_from_modulo_method,11,1.7286468253575942
192,192,0.4,23,1.1052631578947367,mse_from_modulo_method,12,2.9105181351192186
193,193,0.4,23,1.1052631578947367,mse_from_modulo_method,13,1.7760646833675218
194,194,0.4,23,1.1052631578947367,mse_from_modulo_method,14,1.1886934645385185
195,195,0.4,23,1.1052631578947367,mse_from_modulo_method,15,25.80392132233622
196,196,0.4,23,1.1052631578947367,mse_from_modulo_method,16,20.295267068539825
197,197,0.4,23,1.1052631578947367,mse_from_modulo_method,17,2.3485963910421113
198,198,0.4,23,1.1052631578947367,mse_from_modulo_method,18,1.0143082392653375
199,199,0.4,23,1.1052631578947367,mse_from_modulo_method,19,7.615327853072326
200,200,0.4,23,1.2315789473684209,mse_from_naive_method,0,3.905992799789166
201,201,0.4,23,1.2315789473684209,mse_from_naive_method,1,1.1324470915752545
202,202,0.4,23,1.2315789473684209,mse_from_naive_method,2,1.6074377514456284
203,203,0.4,23,1.2315789473684209,mse_from_naive_method,3,1.3499161692052382
204,204,0.4,23,1.2315789473684209,mse_from_naive_method,4,1.7782975564527959
205,205,0.4,23,1.2315789473684209,mse_from_naive_method,5,2.034435444521405
206,206,0.4,23,1.2315789473684209,mse_from_naive_method,6,2.2295946571587746
207,207,0.4,23,1.2315789473684209,mse_from_naive_method,7,1.2721714503042605
208,208,0.4,23,1.2315789473684209,mse_from_naive_method,8,3.95092633462408
209,209,0.4,23,1.2315789473684209,mse_from_naive_method,9,5.981977608273186
210,210,0.4,23,1.2315789473684209,mse_from_naive_method,10,1.2284996323041641
211,211,0.4,23,1.2315789473684209,mse_from_naive_method,11,0.9176508974837134
212,212,0.4,23,1.2315789473684209,mse_from_naive_method,12,1.168708422822942
213,213,0.4,23,1.2315789473684209,mse_from_naive_method,13,1.4128929302575688
214,214,0.4,23,1.2315789473684209,mse_from_naive_method,14,2.0470535591947523
215,215,0.4,23,1.2315789473684209,mse_from_naive_method,15,1.0808823487840469
216,216,0.4,23,1.2315789473684209,mse_from_naive_method,16,1.7627997628322731
217,217,0.4,23,1.2315789473684209,mse_from_naive_method,17,2.7223723499081944
218,218,0.4,23,1.2315789473684209,mse_from_naive_method,18,2.9210236431031857
219,219,0.4,23,1.2315789473684209,mse_from_naive_method,19,1.1194677804226156
220,220,0.4,23,1.2315789473684209,mse_from_modulo_method,0,2.5838935374165843
221,221,0.4,23,1.2315789473684209,mse_from_modulo_method,1,6.6265734751455065
222,222,0.4,23,1.2315789473684209,mse_from_modulo_method,2,1.369418105135814
223,223,0.4,23,1.2315789473684209,mse_from_modulo_method,3,11.885539222242196
224,224,0.4,23,1.2315789473684209,mse_from_modulo_method,4,3.7792154488085457
225,225,0.4,23,1.2315789473684209,mse_from_modulo_method,5,1.2075700178752684
226,226,0.4,23,1.2315789473684209,mse_from_modulo_method,6,2.369603342229078
227,227,0.4,23,1.2315789473684209,mse_from_modulo_method,7,0.9764140254035132
228,228,0.4,23,1.2315789473684209,mse_from_modulo_method,8,5.134985543252734
229,229,0.4,23,1.2315789473684209,mse_from_modulo_method,9,1.476377242149637
230,230,0.4,23,1.2315789473684209,mse_from_modulo_method,10,10.808628411082864
231,231,0.4,23,1.2315789473684209,mse_from_modulo_method,11,67.98498504884881
232,232,0.4,23,1.2315789473684209,mse_from_modulo_method,12,1.6930298138971978
233,233,0.4,23,1.2315789473684209,mse_from_modulo_method,13,5.465969401468057
234,234,0.4,23,1.2315789473684209,mse_from_modulo_method,14,2.092593657088527
235,235,0.4,23,1.2315789473684209,mse_from_modulo_method,15,6.53046002298654
236,236,0.4,23,1.2315789473684209,mse_from_modulo_method,16,1.2960862157075734
237,237,0.4,23,1.2315789473684209,mse_from_modulo_method,17,1.5186544377811766
238,238,0.4,23,1.2315789473684209,mse_from_modulo_method,18,2.7879464087708565
239,239,0.4,23,1.2315789473684209,mse_from_modulo_method,19,15.800218019556896
240,240,0.4,23,1.3578947368421053,mse_from_naive_method,0,1.098173027487278
241,241,0.4,23,1.3578947368421053,mse_from_naive_method,1,1.1881705763796655
242,242,0.4,23,1.3578947368421053,mse_from_naive_method,2,2.0312908186625576
243,243,0.4,23,1.3578947368421053,mse_from_naive_method,3,4.011968426314982
244,244,0.4,23,1.3578947368421053,mse_from_naive_method,4,1.2245072072014687
245,245,0.4,23,1.3578947368421053,mse_from_naive_method,5,1.9396316806876368
246,246,0.4,23,1.3578947368421053,mse_from_naive_method,6,11.354736087511604
247,247,0.4,23,1.3578947368421053,mse_from_naive_method,7,3.5556580734733414
248,248,0.4,23,1.3578947368421053,mse_from_naive_method,8,3.4262856855731796
249,249,0.4,23,1.3578947368421053,mse_from_naive_method,9,1.2837460101509606
250,250,0.4,23,1.3578947368421053,mse_from_naive_method,10,3.6067003311993178
251,251,0.4,23,1.3578947368421053,mse_from_naive_method,11,2.2723120150256424
252,252,0.4,23,1.3578947368421053,mse_from_naive_method,12,1.4000876598436935
253,253,0.4,23,1.3578947368421053,mse_from_naive_method,13,3.9962247447050134
254,254,0.4,23,1.3578947368421053,mse_from_naive_method,14,2.2915398855292914
255,255,0.4,23,1.3578947368421053,mse_from_naive_method,15,4.270428524822304
256,256,0.4,23,1.3578947368421053,mse_from_naive_method,16,2.098750885058694
257,257,0.4,23,1.3578947368421053,mse_from_naive_method,17,1.9677553147489641
258,258,0.4,23,1.3578947368421053,mse_from_naive_method,18,4.038546991546595
259,259,0.4,23,1.3578947368421053,mse_from_naive_method,19,3.0305974278549117
260,260,0.4,23,1.3578947368421053,mse_from_modulo_method,0,2.2797817798680664
261,261,0.4,23,1.3578947368421053,mse_from_modulo_method,1,0.9571036275297723
262,262,0.4,23,1.3578947368421053,mse_from_modulo_method,2,1.2851705954731807
263,263,0.4,23,1.3578947368421053,mse_from_modulo_method,3,3.0105274303152587
264,264,0.4,23,1.3578947368421053,mse_from_modulo_method,4,2.8323511150572642
265,265,0.4,23,1.3578947368421053,mse_from_modulo_method,5,1.3122395237977844
266,266,0.4,23,1.3578947368421053,mse_from_modulo_method,6,0.909706478679327
267,267,0.4,23,1.3578947368421053,mse_from_modulo_method,7,1.1909448623578924
268,268,0.4,23,1.3578947368421053,mse_from_modulo_method,8,1.6402413112482435
269,269,0.4,23,1.3578947368421053,mse_from_modulo_method,9,9.321854950651913
270,270,0.4,23,1.3578947368421053,mse_from_modulo_method,10,1.507159695334247
271,271,0.4,23,1.3578947368421053,mse_from_modulo_method,11,1.2574250866417196
272,272,0.4,23,1.3578947368421053,mse_from_modulo_method,12,23.381150434468545
273,273,0.4,23,1.3578947368421053,mse_from_modulo_method,13,5.868316369501331
274,274,0.4,23,1.3578947368421053,mse_from_modulo_method,14,3.980097457592535
275,275,0.4,23,1.3578947368421053,mse_from_modulo_method,15,1.7367667671458171
276,276,0.4,23,1.3578947368421053,mse_from_modulo_method,16,2.1991024486683592
277,277,0.4,23,1.3578947368421053,mse_from_modulo_method,17,6622.818198168992
278,278,0.4,23,1.3578947368421053,mse_from_modulo_method,18,0.9536683633746915
279,279,0.4,23,1.3578947368421053,mse_from_modulo_method,19,9.603775785442467
280,280,0.4,23,1.4842105263157896,mse_from_naive_method,0,1.2977545848619423
281,281,0.4,23,1.4842105263157896,mse_from_naive_method,1,2.064979225306285
282,282,0.4,23,1.4842105263157896,mse_from_naive_method,2,1.0034653447309785
283,283,0.4,23,1.4842105263157896,mse_from_naive_method,3,5.646228260947986
284,284,0.4,23,1.4842105263157896,mse_from_naive_method,4,6.671632414309823
285,285,0.4,23,1.4842105263157896,mse_from_naive_method,5,1.2145985298390993
286,286,0.4,23,1.4842105263157896,mse_from_naive_method,6,2.932564861015719
287,287,0.4,23,1.4842105263157896,mse_from_naive_method,7,2.428596037469523
288,288,0.4,23,1.4842105263157896,mse_from_naive_method,8,3.7069783775294947
289,289,0.4,23,1.4842105263157896,mse_from_naive_method,9,14.825511303253869
290,290,0.4,23,1.4842105263157896,mse_from_naive_method,10,2.3534453417393846
291,291,0.4,23,1.4842105263157896,mse_from_naive_method,11,2.219992723057393
292,292,0.4,23,1.4842105263157896,mse_from_naive_method,12,2.0692650445114125
293,293,0.4,23,1.4842105263157896,mse_from_naive_method,13,1.097781418531794
294,294,0.4,23,1.4842105263157896,mse_from_naive_method,14,3.6033871736530982
295,295,0.4,23,1.4842105263157896,mse_from_naive_method,15,1.8170059117300184
296,296,0.4,23,1.4842105263157896,mse_from_naive_method,16,0.9022115077769604
297,297,0.4,23,1.4842105263157896,mse_from_naive_method,17,1.8170481850280666
298,298,0.4,23,1.4842105263157896,mse_from_naive_method,18,2.265343267311325
299,299,0.4,23,1.4842105263157896,mse_from_naive_method,19,1.8008021166659567
300,300,0.4,23,1.4842105263157896,mse_from_modulo_method,0,1.1939744732993633
301,301,0.4,23,1.4842105263157896,mse_from_modulo_method,1,4.841618074016008
302,302,0.4,23,1.4842105263157896,mse_from_modulo_method,2,1.5772474095021258
303,303,0.4,23,1.4842105263157896,mse_from_modulo_method,3,0.9787406589471621
304,304,0.4,23,1.4842105263157896,mse_from_modulo_method,4,1.0233874842490507
305,305,0.4,23,1.4842105263157896,mse_from_modulo_method,5,2.276322567208429
306,306,0.4,23,1.4842105263157896,mse_from_modulo_method,6,0.9428265737040107
307,307,0.4,23,1.4842105263157896,mse_from_modulo_method,7,3.5053682758201297
308,308,0.4,23,1.4842105263157896,mse_from_modulo_method,8,1.171277642476258
309,309,0.4,23,1.4842105263157896,mse_from_modulo_method,9,2.8515804838019494
310,310,0.4,23,1.4842105263157896,mse_from_modulo_method,10,1.8046012884248557
311,311,0.4,23,1.4842105263157896,mse_from_modulo_method,11,0.982622356942898
312,312,0.4,23,1.4842105263157896,mse_from_modulo_method,12,5.483086224315431
313,313,0.4,23,1.4842105263157896,mse_from_modulo_method,13,0.966487525258843
314,314,0.4,23,1.4842105263157896,mse_from_modulo_method,14,1.4883616076472361
315,315,0.4,23,1.4842105263157896,mse_from_modulo_method,15,2.065842474549507
316,316,0.4,23,1.4842105263157896,mse_from_modulo_method,16,4.273888257497206
317,317,0.4,23,1.4842105263157896,mse_from_modulo_method,17,1.734296921089034
318,318,0.4,23,1.4842105263157896,mse_from_modulo_method,18,2.948741050645344
319,319,0.4,23,1.4842105263157896,mse_from_modulo_method,19,1.1979509268062203
320,320,0.4,23,1.6105263157894738,mse_from_naive_method,0,1.619261640451373
321,321,0.4,23,1.6105263157894738,mse_from_naive_method,1,70.4210811899878
322,322,0.4,23,1.6105263157894738,mse_from_naive_method,2,2.604568558989986
323,323,0.4,23,1.6105263157894738,mse_from_naive_method,3,18.771407368779776
324,324,0.4,23,1.6105263157894738,mse_from_naive_method,4,0.9890816810931267
325,325,0.4,23,1.6105263157894738,mse_from_naive_method,5,2.1564258231805526
326,326,0.4,23,1.6105263157894738,mse_from_naive_method,6,4.378202140034565
327,327,0.4,23,1.6105263157894738,mse_from_naive_method,7,4.416544081912084
328,328,0.4,23,1.6105263157894738,mse_from_naive_method,8,1.233998744439079
329,329,0.4,23,1.6105263157894738,mse_from_naive_method,9,1.2153840025117808
330,330,0.4,23,1.6105263157894738,mse_from_naive_method,10,1.1627511912829815
331,331,0.4,23,1.6105263157894738,mse_from_naive_method,11,3.5351243248418545
332,332,0.4,23,1.6105263157894738,mse_from_naive_method,12,3.5704502672361587
333,333,0.4,23,1.6105263157894738,mse_from_naive_method,13,15.278239341103081
334,334,0.4,23,1.6105263157894738,mse_from_naive_method,14,2.6181129791729
335,335,0.4,23,1.6105263157894738,mse_from_naive_method,15,1.8230066437036418
336,336,0.4,23,1.6105263157894738,mse_from_naive_method,16,2.976548177374141
337,337,0.4,23,1.6105263157894738,mse_from_naive_method,17,1.137096572210123
338,338,0.4,23,1.6105263157894738,mse_from_naive_method,18,1.0052280088727363
339,339,0.4,23,1.6105263157894738,mse_from_naive_method,19,2.4526945668069158
340,340,0.4,23,1.6105263157894738,mse_from_modulo_method,0,1.007942277913928
341,341,0.4,23,1.6105263157894738,mse_from_modulo_method,1,1.9746171429113741
342,342,0.4,23,1.6105263157894738,mse_from_modulo_method,2,15.626092217042974
343,343,0.4,23,1.6105263157894738,mse_from_modulo_method,3,3.4542113913457024
344,344,0.4,23,1.6105263157894738,mse_from_modulo_method,4,3.1202241172969
345,345,0.4,23,1.6105263157894738,mse_from_modulo_method,5,1.308467787276883
346,346,0.4,23,1.6105263157894738,mse_from_modulo_method,6,1.4110579951954645
347,347,0.4,23,1.6105263157894738,mse_from_modulo_method,7,2.279707004576127
348,348,0.4,23,1.6105263157894738,mse_from_modulo_method,8,1.5684991084211937
349,349,0.4,23,1.6105263157894738,mse_from_modulo_method,9,1.1959295453196161
350,350,0.4,23,1.6105263157894738,mse_from_modulo_method,10,4.129451956813147
351,351,0.4,23,1.6105263157894738,mse_from_modulo_method,11,1.660362621161256
352,352,0.4,23,1.6105263157894738,mse_from_modulo_method,12,1.2900996304794754
353,353,0.4,23,1.6105263157894738,mse_from_modulo_method,13,3.116635853762657
354,354,0.4,23,1.6105263157894738,mse_from_modulo_method,14,1.712760217295899
355,355,0.4,23,1.6105263157894738,mse_from_modulo_method,15,10.911215367927266
356,356,0.4,23,1.6105263157894738,mse_from_modulo_method,16,2.966328423370841
357,357,0.4,23,1.6105263157894738,mse_from_modulo_method,17,1.1196764124076404
358,358,0.4,23,1.6105263157894738,mse_from_modulo_method,18,0.938213456098902
359,359,0.4,23,1.6105263157894738,mse_from_modulo_method,19,1.1465787610463696
360,360,0.4,23,1.7368421052631582,mse_from_naive_method,0,1.1911519583752643
361,361,0.4,23,1.7368421052631582,mse_from_naive_method,1,1.2563088845905555
362,362,0.4,23,1.7368421052631582,mse_from_naive_method,2,0.9682627990539117
363,363,0.4,23,1.7368421052631582,mse_from_naive_method,3,2.7096617460244823
364,364,0.4,23,1.7368421052631582,mse_from_naive_method,4,1.212366242993295
365,365,0.4,23,1.7368421052631582,mse_from_naive_method,5,1.02287807568317
366,366,0.4,23,1.7368421052631582,mse_from_naive_method,6,1.0514066373279918
367,367,0.4,23,1.7368421052631582,mse_from_naive_method,7,1.9148960918181956
368,368,0.4,23,1.7368421052631582,mse_from_naive_method,8,1.5645000005068517
369,369,0.4,23,1.7368421052631582,mse_from_naive_method,9,1.1948513928570919
370,370,0.4,23,1.7368421052631582,mse_from_naive_method,10,4.794835388221625
371,371,0.4,23,1.7368421052631582,mse_from_naive_method,11,6.188954651766403
372,372,0.4,23,1.7368421052631582,mse_from_naive_method,12,3.1747512294165445
373,373,0.4,23,1.7368421052631582,mse_from_naive_method,13,4.002605285372942
374,374,0.4,23,1.7368421052631582,mse_from_naive_method,14,4.429744670037164
375,375,0.4,23,1.7368421052631582,mse_from_naive_method,15,0.9860453851734126
376,376,0.4,23,1.7368421052631582,mse_from_naive_method,16,1.4507117164500045
377,377,0.4,23,1.7368421052631582,mse_from_naive_method,17,2.778649550054829
378,378,0.4,23,1.7368421052631582,mse_from_naive_method,18,1.0446790447898315
379,379,0.4,23,1.7368421052631582,mse_from_naive_method,19,1.1498644360961068
380,380,0.4,23,1.7368421052631582,mse_from_modulo_method,0,1.1704856741293725
381,381,0.4,23,1.7368421052631582,mse_from_modulo_method,1,33.82733055600004
382,382,0.4,23,1.7368421052631582,mse_from_modulo_method,2,6.071485851048874
383,383,0.4,23,1.7368421052631582,mse_from_modulo_method,3,1.090616994585004
384,384,0.4,23,1.7368421052631582,mse_from_modulo_method,4,2.2209924893996194
385,385,0.4,23,1.7368421052631582,mse_from_modulo_method,5,1.3072101468101847
386,386,0.4,23,1.7368421052631582,mse_from_modulo_method,6,6.987626238682153
387,387,0.4,23,1.7368421052631582,mse_from_modulo_method,7,1.992249652694689
388,388,0.4,23,1.7368421052631582,mse_from_modulo_method,8,2.4868080821078618
389,389,0.4,23,1.7368421052631582,mse_from_modulo_method,9,19.232065292940494
390,390,0.4,23,1.7368421052631582,mse_from_modulo_method,10,1.1130291735576194
391,391,0.4,23,1.7368421052631582,mse_from_modulo_method,11,3.869044389146956
392,392,0.4,23,1.7368421052631582,mse_from_modulo_method,12,1.385875903210432
393,393,0.4,23,1.7368421052631582,mse_from_modulo_method,13,1.8454478131951664
394,394,0.4,23,1.7368421052631582,mse_from_modulo_method,14,3.7213535450329482
395,395,0.4,23,1.7368421052631582,mse_from_modulo_method,15,1.3443145473268812
396,396,0.4,23,1.7368421052631582,mse_from_modulo_method,16,1.112830957577129
397,397,0.4,23,1.7368421052631582,mse_from_modulo_method,17,1.7019952196626829
398,398,0.4,23,1.7368421052631582,mse_from_modulo_method,18,1.4252224196777843
399,399,0.4,23,1.7368421052631582,mse_from_modulo_method,19,2.900038170300783
400,400,0.4,23,1.863157894736842,mse_from_naive_method,0,14.567111954343169
401,401,0.4,23,1.863157894736842,mse_from_naive_method,1,5.52814519410884
402,402,0.4,23,1.863157894736842,mse_from_naive_method,2,1.331942762583593
403,403,0.4,23,1.863157894736842,mse_from_naive_method,3,8.019944680246006
404,404,0.4,23,1.863157894736842,mse_from_naive_method,4,2.0177398804350095
405,405,0.4,23,1.863157894736842,mse_from_naive_method,5,18.862978438191146
406,406,0.4,23,1.863157894736842,mse_from_naive_method,6,1.2739037785746736
407,407,0.4,23,1.863157894736842,mse_from_naive_method,7,1.5412859861970798
408,408,0.4,23,1.863157894736842,mse_from_naive_method,8,3.3642820248930114
409,409,0.4,23,1.863157894736842,mse_from_naive_method,9,14.457333463634823
410,410,0.4,23,1.863157894736842,mse_from_naive_method,10,64.32022326002243
411,411,0.4,23,1.863157894736842,mse_from_naive_method,11,2.57559601571994
412,412,0.4,23,1.863157894736842,mse_from_naive_method,12,8.982792871617214
413,413,0.4,23,1.863157894736842,mse_from_naive_method,13,7.291325265946103
414,414,0.4,23,1.863157894736842,mse_from_naive_method,14,1.1191490333535725
415,415,0.4,23,1.863157894736842,mse_from_naive_method,15,6.935641275231997
416,416,0.4,23,1.863157894736842,mse_from_naive_method,16,1.797974680570089
417,417,0.4,23,1.863157894736842,mse_from_naive_method,17,1.051961363408939
418,418,0.4,23,1.863157894736842,mse_from_naive_method,18,0.9726524113095067
419,419,0.4,23,1.863157894736842,mse_from_naive_method,19,2.7831435881895437
420,420,0.4,23,1.863157894736842,mse_from_modulo_method,0,1.223884245886204
421,421,0.4,23,1.863157894736842,mse_from_modulo_method,1,1.0474169619044453
422,422,0.4,23,1.863157894736842,mse_from_modulo_method,2,3.2053987237023427
423,423,0.4,23,1.863157894736842,mse_from_modulo_method,3,1.149920432392324
424,424,0.4,23,1.863157894736842,mse_from_modulo_method,4,1.241449556234578
425,425,0.4,23,1.863157894736842,mse_from_modulo_method,5,0.9278242614193409
426,426,0.4,23,1.863157894736842,mse_from_modulo_method,6,29.35110729496284
427,427,0.4,23,1.863157894736842,mse_from_modulo_method,7,0.9448854569189004
428,428,0.4,23,1.863157894736842,mse_from_modulo_method,8,15.18132730311146
429,429,0.4,23,1.863157894736842,mse_from_modulo_method,9,3.1038769732640183
430,430,0.4,23,1.863157894736842,mse_from_modulo_method,10,33.26888015523752
431,431,0.4,23,1.863157894736842,mse_from_modulo_method,11,1.9840054991109164
432,432,0.4,23,1.863157894736842,mse_from_modulo_method,12,6.175867424811149
433,433,0.4,23,1.863157894736842,mse_from_modulo_method,13,1.5225450421784898
434,434,0.4,23,1.863157894736842,mse_from_modulo_method,14,2.384271142198581
435,435,0.4,23,1.863157894736842,mse_from_modulo_method,15,3.82620225867871
436,436,0.4,23,1.863157894736842,mse_from_modulo_method,16,6.396088946026967
437,437,0.4,23,1.863157894736842,mse_from_modulo_method,17,6.255102310820911
438,438,0.4,23,1.863157894736842,mse_from_modulo_method,18,2.347798581864259
439,439,0.4,23,1.863157894736842,mse_from_modulo_method,19,1.016144823903157
440,440,0.4,23,1.9894736842105265,mse_from_naive_method,0,12.575699845468277
441,441,0.4,23,1.9894736842105265,mse_from_naive_method,1,94.22801474967589
442,442,0.4,23,1.9894736842105265,mse_from_naive_method,2,2.051898792198661
443,443,0.4,23,1.9894736842105265,mse_from_naive_method,3,1.9732387601599146
444,444,0.4,23,1.9894736842105265,mse_from_naive_method,4,8.9686193321604
445,445,0.4,23,1.9894736842105265,mse_from_naive_method,5,1.0792535868567072
446,446,0.4,23,1.9894736842105265,mse_from_naive_method,6,6.186667797730973
447,447,0.4,23,1.9894736842105265,mse_from_naive_method,7,3.395798927133421
448,448,0.4,23,1.9894736842105265,mse_from_naive_method,8,1.1767793677364675
449,449,0.4,23,1.9894736842105265,mse_from_naive_method,9,3.3031349082172334
450,450,0.4,23,1.9894736842105265,mse_from_naive_method,10,2.372937355122603
451,451,0.4,23,1.9894736842105265,mse_from_naive_method,11,1.3379087092595798
452,452,0.4,23,1.9894736842105265,mse_from_naive_method,12,1.431291552630092
453,453,0.4,23,1.9894736842105265,mse_from_naive_method,13,3.259333858658441
454,454,0.4,23,1.9894736842105265,mse_from_naive_method,14,2.195009551518865
455,455,0.4,23,1.9894736842105265,mse_from_naive_method,15,1.7548490361174687
456,456,0.4,23,1.9894736842105265,mse_from_naive_method,16,1.3469237136565078
457,457,0.4,23,1.9894736842105265,mse_from_naive_method,17,2.871028174990156
458,458,0.4,23,1.9894736842105265,mse_from_naive_method,18,1.357524262339602
459,459,0.4,23,1.9894736842105265,mse_from_naive_method,19,4.109826573380079
460,460,0.4,23,1.9894736842105265,mse_from_modulo_method,0,7.328673817450522
461,461,0.4,23,1.9894736842105265,mse_from_modulo_method,1,4.827552297227329
462,462,0.4,23,1.9894736842105265,mse_from_modulo_method,2,2.1615342922910394
463,463,0.4,23,1.9894736842105265,mse_from_modulo_method,3,7.03102768301406
464,464,0.4,23,1.9894736842105265,mse_from_modulo_method,4,6.206769069333611
465,465,0.4,23,1.9894736842105265,mse_from_modulo_method,5,3.13108598474778
466,466,0.4,23,1.9894736842105265,mse_from_modulo_method,6,2.623683606686254
467,467,0.4,23,1.9894736842105265,mse_from_modulo_method,7,47.6925801179074
468,468,0.4,23,1.9894736842105265,mse_from_modulo_method,8,8.913418062209862
469,469,0.4,23,1.9894736842105265,mse_from_modulo_method,9,2.7517161992490644
470,470,0.4,23,1.9894736842105265,mse_from_modulo_method,10,1.2116897490557377
471,471,0.4,23,1.9894736842105265,mse_from_modulo_method,11,1.0696404652498654
472,472,0.4,23,1.9894736842105265,mse_from_modulo_method,12,1.3128448565212378
473,473,0.4,23,1.9894736842105265,mse_from_modulo_method,13,30.313881254635497
474,474,0.4,23,1.9894736842105265,mse_from_modulo_method,14,3.8384144811041447
475,475,0.4,23,1.9894736842105265,mse_from_modulo_method,15,2.0670813651612217
476,476,0.4,23,1.9894736842105265,mse_from_modulo_method,16,4.033168492252144
477,477,0.4,23,1.9894736842105265,mse_from_modulo_method,17,2.5197486208637745
478,478,0.4,23,1.9894736842105265,mse_from_modulo_method,18,19.297289090740843
479,479,0.4,23,1.9894736842105265,mse_from_modulo_method,19,1.3618745621760382
480,480,0.4,23,2.1157894736842104,mse_from_naive_method,0,13.821241434772906
481,481,0.4,23,2.1157894736842104,mse_from_naive_method,1,2.5204009061239945
482,482,0.4,23,2.1157894736842104,mse_from_naive_method,2,1.2734450734998088
483,483,0.4,23,2.1157894736842104,mse_from_naive_method,3,1.2884568218838959
484,484,0.4,23,2.1157894736842104,mse_from_naive_method,4,2.8851063248389597
485,485,0.4,23,2.1157894736842104,mse_from_naive_method,5,1.379993734338551
486,486,0.4,23,2.1157894736842104,mse_from_naive_method,6,1.3619558347618317
487,487,0.4,23,2.1157894736842104,mse_from_naive_method,7,1.0417868799168284
488,488,0.4,23,2.1157894736842104,mse_from_naive_method,8,1.1678483667616668
489,489,0.4,23,2.1157894736842104,mse_from_naive_method,9,1.8803556453037908
490,490,0.4,23,2.1157894736842104,mse_from_naive_method,10,13.19967685770191
491,491,0.4,23,2.1157894736842104,mse_from_naive_method,11,1.075924704818787
492,492,0.4,23,2.1157894736842104,mse_from_naive_method,12,16.849275021707736
493,493,0.4,23,2.1157894736842104,mse_from_naive_method,13,1.0118809303694853
494,494,0.4,23,2.1157894736842104,mse_from_naive_method,14,4.497958904218034
495,495,0.4,23,2.1157894736842104,mse_from_naive_method,15,1.0365707724697095
496,496,0.4,23,2.1157894736842104,mse_from_naive_method,16,23.323322758327777
497,497,0.4,23,2.1157894736842104,mse_from_naive_method,17,28.38867048679263
498,498,0.4,23,2.1157894736842104,mse_from_naive_method,18,8.494018656893191
499,499,0.4,23,2.1157894736842104,mse_from_naive_method,19,5.410826568306124
500,500,0.4,23,2.1157894736842104,mse_from_modulo_method,0,20.23181446640315
501,501,0.4,23,2.1157894736842104,mse_from_modulo_method,1,2.264477879589764
502,502,0.4,23,2.1157894736842104,mse_from_modulo_method,2,2.1179947651440822
503,503,0.4,23,2.1157894736842104,mse_from_modulo_method,3,2.2999237867152256
504,504,0.4,23,2.1157894736842104,mse_from_modulo_method,4,1.2633115228658625
505,505,0.4,23,2.1157894736842104,mse_from_modulo_method,5,1.218861894644692
506,506,0.4,23,2.1157894736842104,mse_from_modulo_method,6,1.5515354591037536
507,507,0.4,23,2.1157894736842104,mse_from_modulo_method,7,2.654611506736453
508,508,0.4,23,2.1157894736842104,mse_from_modulo_method,8,1.3060181057427196
509,509,0.4,23,2.1157894736842104,mse_from_modulo_method,9,14.679636001739855
510,510,0.4,23,2.1157894736842104,mse_from_modulo_method,10,0.9372399242693206
511,511,0.4,23,2.1157894736842104,mse_from_modulo_method,11,1.5902737399376763
512,512,0.4,23,2.1157894736842104,mse_from_modulo_method,12,1.1429218798863567
513,513,0.4,23,2.1157894736842104,mse_from_modulo_method,13,1.1222205075455007
514,514,0.4,23,2.1157894736842104,mse_from_modulo_method,14,7.488825068233373
515,515,0.4,23,2.1157894736842104,mse_from_modulo_method,15,13.100795985314036
516,516,0.4,23,2.1157894736842104,mse_from_modulo_method,16,2.572474469843057
517,517,0.4,23,2.1157894736842104,mse_from_modulo_method,17,0.9612566772488824
518,518,0.4,23,2.1157894736842104,mse_from_modulo_method,18,1.296958263090529
519,519,0.4,23,2.1157894736842104,mse_from_modulo_method,19,4.961903888146797
520,520,0.4,23,2.2421052631578946,mse_from_naive_method,0,21.269291246331576
521,521,0.4,23,2.2421052631578946,mse_from_naive_method,1,1.0811145741042922
522,522,0.4,23,2.2421052631578946,mse_from_naive_method,2,8.124586059748188
523,523,0.4,23,2.2421052631578946,mse_from_naive_method,3,3.0552462455110505
524,524,0.4,23,2.2421052631578946,mse_from_naive_method,4,4.572204891323382
525,525,0.4,23,2.2421052631578946,mse_from_naive_method,5,1.4663200572327764
526,526,0.4,23,2.2421052631578946,mse_from_naive_method,6,1.5937873246633592
527,527,0.4,23,2.2421052631578946,mse_from_naive_method,7,3.274635932501377
528,528,0.4,23,2.2421052631578946,mse_from_naive_method,8,19.34715854302854
529,529,0.4,23,2.2421052631578946,mse_from_naive_method,9,1.233168473665251
530,530,0.4,23,2.2421052631578946,mse_from_naive_method,10,1.0638966849877667
531,531,0.4,23,2.2421052631578946,mse_from_naive_method,11,15.987540958704203
532,532,0.4,23,2.2421052631578946,mse_from_naive_method,12,4.654928731110553
533,533,0.4,23,2.2421052631578946,mse_from_naive_method,13,2.514707934403427
534,534,0.4,23,2.2421052631578946,mse_from_naive_method,14,12.247202469333754
535,535,0.4,23,2.2421052631578946,mse_from_naive_method,15,1.677580043495596
536,536,0.4,23,2.2421052631578946,mse_from_naive_method,16,1.0211530947701144
537,537,0.4,23,2.2421052631578946,mse_from_naive_method,17,4.728486241624162
538,538,0.4,23,2.2421052631578946,mse_from_naive_method,18,4.934944882426784
539,539,0.4,23,2.2421052631578946,mse_from_naive_method,19,1.77104044483829
540,540,0.4,23,2.2421052631578946,mse_from_modulo_method,0,1.8149641309115834
541,541,0.4,23,2.2421052631578946,mse_from_modulo_method,1,3.886866934506948
542,542,0.4,23,2.2421052631578946,mse_from_modulo_method,2,1.360446342185091
543,543,0.4,23,2.2421052631578946,mse_from_modulo_method,3,28.615538285698932
544,544,0.4,23,2.2421052631578946,mse_from_modulo_method,4,4.325544816964519
545,545,0.4,23,2.2421052631578946,mse_from_modulo_method,5,1.362185669912476
546,546,0.4,23,2.2421052631578946,mse_from_modulo_method,6,1.6227091699907163
547,547,0.4,23,2.2421052631578946,mse_from_modulo_method,7,4.380719223702247
548,548,0.4,23,2.2421052631578946,mse_from_modulo_method,8,0.9503435290526382
549,549,0.4,23,2.2421052631578946,mse_from_modulo_method,9,15.044446632969448
550,550,0.4,23,2.2421052631578946,mse_from_modulo_method,10,1.0014381003066664
551,551,0.4,23,2.2421052631578946,mse_from_modulo_method,11,1.1485331423121672
552,552,0.4,23,2.2421052631578946,mse_from_modulo_method,12,1.096004427717763
553,553,0.4,23,2.2421052631578946,mse_from_modulo_method,13,18.38646430643576
554,554,0.4,23,2.2421052631578946,mse_from_modulo_method,14,8.363056115020854
555,555,0.4,23,2.2421052631578946,mse_from_modulo_method,15,11.126654985650077
556,556,0.4,23,2.2421052631578946,mse_from_modulo_method,16,1.2716920353474053
557,557,0.4,23,2.2421052631578946,mse_from_modulo_method,17,1.1620871816578218
558,558,0.4,23,2.2421052631578946,mse_from_modulo_method,18,2.043808792300422
559,559,0.4,23,2.2421052631578946,mse_from_modulo_method,19,3.531026275771891
560,560,0.4,23,2.368421052631579,mse_from_naive_method,0,2.8609682107041903
561,561,0.4,23,2.368421052631579,mse_from_naive_method,1,1.2929869958134477
562,562,0.4,23,2.368421052631579,mse_from_naive_method,2,1.779456559101729
563,563,0.4,23,2.368421052631579,mse_from_naive_method,3,1.151290243526015
564,564,0.4,23,2.368421052631579,mse_from_naive_method,4,2.0023578887462725
565,565,0.4,23,2.368421052631579,mse_from_naive_method,5,2.2737980396267914
566,566,0.4,23,2.368421052631579,mse_from_naive_method,6,1.503122513936821
567,567,0.4,23,2.368421052631579,mse_from_naive_method,7,6.876468884894573
568,568,0.4,23,2.368421052631579,mse_from_naive_method,8,6.374268640227403
569,569,0.4,23,2.368421052631579,mse_from_naive_method,9,4.255780536320733
570,570,0.4,23,2.368421052631579,mse_from_naive_method,10,1.3277242676810461
571,571,0.4,23,2.368421052631579,mse_from_naive_method,11,1.229785050810525
572,572,0.4,23,2.368421052631579,mse_from_naive_method,12,3.2519332644293595
573,573,0.4,23,2.368421052631579,mse_from_naive_method,13,0.9777675568365839
574,574,0.4,23,2.368421052631579,mse_from_naive_method,14,6.019260440245457
575,575,0.4,23,2.368421052631579,mse_from_naive_method,15,3.042294172788412
576,576,0.4,23,2.368421052631579,mse_from_naive_method,16,3.1470253938673363
577,577,0.4,23,2.368421052631579,mse_from_naive_method,17,1.947255829372337
578,578,0.4,23,2.368421052631579,mse_from_naive_method,18,0.013056726045444356
579,579,0.4,23,2.368421052631579,mse_from_naive_method,19,2.2011568015520337
580,580,0.4,23,2.368421052631579,mse_from_modulo_method,0,1.3213795187598703
581,581,0.4,23,2.368421052631579,mse_from_modulo_method,1,1.18611010065857
582,582,0.4,23,2.368421052631579,mse_from_modulo_method,2,2.5381569534016135
583,583,0.4,23,2.368421052631579,mse_from_modulo_method,3,2.840870875537301
584,584,0.4,23,2.368421052631579,mse_from_modulo_method,4,14.214797739443284
585,585,0.4,23,2.368421052631579,mse_from_modulo_method,5,3.4437783494776033
586,586,0.4,23,2.368421052631579,mse_from_modulo_method,6,2.267594689877575
587,587,0.4,23,2.368421052631579,mse_from_modulo_method,7,1.578535287398131
588,588,0.4,23,2.368421052631579,mse_from_modulo_method,8,2.2438302118470377
589,589,0.4,23,2.368421052631579,mse_from_modulo_method,9,1.6484142731829814
590,590,0.4,23,2.368421052631579,mse_from_modulo_method,10,79.86622096511458
591,591,0.4,23,2.368421052631579,mse_from_modulo_method,11,4.677320686680726
592,592,0.4,23,2.368421052631579,mse_from_modulo_method,12,5.343910588195358
593,593,0.4,23,2.368421052631579,mse_from_modulo_method,13,1.1360799703498234
594,594,0.4,23,2.368421052631579,mse_from_modulo_method,14,1.5786150958870961
595,595,0.4,23,2.368421052631579,mse_from_modulo_method,15,1.1885132427145089
596,596,0.4,23,2.368421052631579,mse_from_modulo_method,16,2.3886147490949914
597,597,0.4,23,2.368421052631579,mse_from_modulo_method,17,2.3304148482146076
598,598,0.4,23,2.368421052631579,mse_from_modulo_method,18,6.793910585341561
599,599,0.4,23,2.368421052631579,mse_from_modulo_method,19,7.569771636699049
600,600,0.4,23,2.494736842105264,mse_from_naive_method,0,2.938191932325058
601,601,0.4,23,2.494736842105264,mse_from_naive_method,1,5.835836778966627
602,602,0.4,23,2.494736842105264,mse_from_naive_method,2,3.4558218373963943
603,603,0.4,23,2.494736842105264,mse_from_naive_method,3,1.103507280209814
604,604,0.4,23,2.494736842105264,mse_from_naive_method,4,1.271035858789412
605,605,0.4,23,2.494736842105264,mse_from_naive_method,5,1.599503683856976
606,606,0.4,23,2.494736842105264,mse_from_naive_method,6,2.8601758560807196
607,607,0.4,23,2.494736842105264,mse_from_naive_method,7,1.1478338523336096
608,608,0.4,23,2.494736842105264,mse_from_naive_method,8,1.2163160249349092
609,609,0.4,23,2.494736842105264,mse_from_naive_method,9,1.3780190387485314
610,610,0.4,23,2.494736842105264,mse_from_naive_method,10,1.7427023707854739
611,611,0.4,23,2.494736842105264,mse_from_naive_method,11,4.8257091019870275
612,612,0.4,23,2.494736842105264,mse_from_naive_method,12,1.5063737555044172
613,613,0.4,23,2.494736842105264,mse_from_naive_method,13,1.3089089567464924
614,614,0.4,23,2.494736842105264,mse_from_naive_method,14,12.7492962203886
615,615,0.4,23,2.494736842105264,mse_from_naive_method,15,34.87366528157082
616,616,0.4,23,2.494736842105264,mse_from_naive_method,16,1.023870618712012
617,617,0.4,23,2.494736842105264,mse_from_naive_method,17,1.5978817649262305
618,618,0.4,23,2.494736842105264,mse_from_naive_method,18,1.2072248460248098
619,619,0.4,23,2.494736842105264,mse_from_naive_method,19,1.3882103376835562
620,620,0.4,23,2.494736842105264,mse_from_modulo_method,0,2.3401326291915594
621,621,0.4,23,2.494736842105264,mse_from_modulo_method,1,2.102123821954928
622,622,0.4,23,2.494736842105264,mse_from_modulo_method,2,4.665717449232196
623,623,0.4,23,2.494736842105264,mse_from_modulo_method,3,1.271884988558021
624,624,0.4,23,2.494736842105264,mse_from_modulo_method,4,2.096921382667995
625,625,0.4,23,2.494736842105264,mse_from_modulo_method,5,2.2268797507431772
626,626,0.4,23,2.494736842105264,mse_from_modulo_method,6,1.4996313422727632
627,627,0.4,23,2.494736842105264,mse_from_modulo_method,7,2.0027564523447414
628,628,0.4,23,2.494736842105264,mse_from_modulo_method,8,1.5772128433288288
629,629,0.4,23,2.494736842105264,mse_from_modulo_method,9,48.711449997033704
630,630,0.4,23,2.494736842105264,mse_from_modulo_method,10,1.6949827832416997
631,631,0.4,23,2.494736842105264,mse_from_modulo_method,11,0.014167415190040129
632,632,0.4,23,2.494736842105264,mse_from_modulo_method,12,1.0131737559525023
633,633,0.4,23,2.494736842105264,mse_from_modulo_method,13,12.726296763756086
634,634,0.4,23,2.494736842105264,mse_from_modulo_method,14,1.305340777451313
635,635,0.4,23,2.494736842105264,mse_from_modulo_method,15,1.5482770303646816
636,636,0.4,23,2.494736842105264,mse_from_modulo_method,16,25.45039141307891
637,637,0.4,23,2.494736842105264,mse_from_modulo_method,17,1.495226434872217
638,638,0.4,23,2.494736842105264,mse_from_modulo_method,18,1.1521109617228584
639,639,0.4,23,2.494736842105264,mse_from_modulo_method,19,1.425954591253479
640,640,0.4,23,2.6210526315789475,mse_from_naive_method,0,1.6626614209813284
641,641,0.4,23,2.6210526315789475,mse_from_naive_method,1,2.50510083000613
642,642,0.4,23,2.6210526315789475,mse_from_naive_method,2,9.754519882228735
643,643,0.4,23,2.6210526315789475,mse_from_naive_method,3,1.340075653542798
644,644,0.4,23,2.6210526315789475,mse_from_naive_method,4,3.0778314538420157
645,645,0.4,23,2.6210526315789475,mse_from_naive_method,5,2.553618921533994
646,646,0.4,23,2.6210526315789475,mse_from_naive_method,6,1.635311535542475
647,647,0.4,23,2.6210526315789475,mse_from_naive_method,7,2.955625195741121
648,648,0.4,23,2.6210526315789475,mse_from_naive_method,8,1.0804485274989015
649,649,0.4,23,2.6210526315789475,mse_from_naive_method,9,4.753563048147038
650,650,0.4,23,2.6210526315789475,mse_from_naive_method,10,4.675968867222702
651,651,0.4,23,2.6210526315789475,mse_from_naive_method,11,1.4488868190795419
652,652,0.4,23,2.6210526315789475,mse_from_naive_method,12,2.258415102787979
653,653,0.4,23,2.6210526315789475,mse_from_naive_method,13,0.01264067128337312
654,654,0.4,23,2.6210526315789475,mse_from_naive_method,14,1.089562127633122
655,655,0.4,23,2.6210526315789475,mse_from_naive_method,15,3.2710440559188485
656,656,0.4,23,2.6210526315789475,mse_from_naive_method,16,8.483686761646
657,657,0.4,23,2.6210526315789475,mse_from_naive_method,17,1.6256404043622887
658,658,0.4,23,2.6210526315789475,mse_from_naive_method,18,1.1993219513333448
659,659,0.4,23,2.6210526315789475,mse_from_naive_method,19,5.119863005181494
660,660,0.4,23,2.6210526315789475,mse_from_modulo_method,0,10.493474174417543
661,661,0.4,23,2.6210526315789475,mse_from_modulo_method,1,5.398941250543488
662,662,0.4,23,2.6210526315789475,mse_from_modulo_method,2,0.9925059102393515
663,663,0.4,23,2.6210526315789475,mse_from_modulo_method,3,1.5252436155164333
664,664,0.4,23,2.6210526315789475,mse_from_modulo_method,4,1.8651375149104195
665,665,0.4,23,2.6210526315789475,mse_from_modulo_method,5,1.5881991873278232
666,666,0.4,23,2.6210526315789475,mse_from_modulo_method,6,1.1184797397429063
667,667,0.4,23,2.6210526315789475,mse_from_modulo_method,7,5.594680254383568
668,668,0.4,23,2.6210526315789475,mse_from_modulo_method,8,1.0741218015962846
669,669,0.4,23,2.6210526315789475,mse_from_modulo_method,9,2.3352379638864598
670,670,0.4,23,2.6210526315789475,mse_from_modulo_method,10,1.441956541873058
671,671,0.4,23,2.6210526315789475,mse_from_modulo_method,11,1.0784058745034673
672,672,0.4,23,2.6210526315789475,mse_from_modulo_method,12,1.5093447612011088
673,673,0.4,23,2.6210526315789475,mse_from_modulo_method,13,2.01851130233817
674,674,0.4,23,2.6210526315789475,mse_from_modulo_method,14,2.743024212608052
675,675,0.4,23,2.6210526315789475,mse_from_modulo_method,15,7.281890062441792
676,676,0.4,23,2.6210526315789475,mse_from_modulo_method,16,2.5303192636147225
677,677,0.4,23,2.6210526315789475,mse_from_modulo_method,17,1.5764888199284888
678,678,0.4,23,2.6210526315789475,mse_from_modulo_method,18,4.240874810371294
679,679,0.4,23,2.6210526315789475,mse_from_modulo_method,19,1.0635021122869688
680,680,0.4,23,2.747368421052632,mse_from_naive_method,0,3.7221418100361436
681,681,0.4,23,2.747368421052632,mse_from_naive_method,1,91.91598098690804
682,682,0.4,23,2.747368421052632,mse_from_naive_method,2,3.354507131177853
683,683,0.4,23,2.747368421052632,mse_from_naive_method,3,1.2194182406994245
684,684,0.4,23,2.747368421052632,mse_from_naive_method,4,15.099369173498655
685,685,0.4,23,2.747368421052632,mse_from_naive_method,5,11.946580529818101
686,686,0.4,23,2.747368421052632,mse_from_naive_method,6,2.5464129088088256
687,687,0.4,23,2.747368421052632,mse_from_naive_method,7,2.0621900370981145
688,688,0.4,23,2.747368421052632,mse_from_naive_method,8,3.3886850407615214
689,689,0.4,23,2.747368421052632,mse_from_naive_method,9,1.3769011130040456
690,690,0.4,23,2.747368421052632,mse_from_naive_method,10,2.0467182944391062
691,691,0.4,23,2.747368421052632,mse_from_naive_method,11,9.939869762921392
692,692,0.4,23,2.747368421052632,mse_from_naive_method,12,2.1215155309726716
693,693,0.4,23,2.747368421052632,mse_from_naive_method,13,3.5201778585473096
694,694,0.4,23,2.747368421052632,mse_from_naive_method,14,24.396990819803158
695,695,0.4,23,2.747368421052632,mse_from_naive_method,15,4.231198506177463
696,696,0.4,23,2.747368421052632,mse_from_naive_method,16,0.014221957381485602
697,697,0.4,23,2.747368421052632,mse_from_naive_method,17,2.9430658501031464
698,698,0.4,23,2.747368421052632,mse_from_naive_method,18,4.425884896590776
699,699,0.4,23,2.747368421052632,mse_from_naive_method,19,1.7667115177539672
700,700,0.4,23,2.747368421052632,mse_from_modulo_method,0,1.3053008775774573
701,701,0.4,23,2.747368421052632,mse_from_modulo_method,1,1.9102819443218522
702,702,0.4,23,2.747368421052632,mse_from_modulo_method,2,14.459477274407408
703,703,0.4,23,2.747368421052632,mse_from_modulo_method,3,8.26335862724404
704,704,0.4,23,2.747368421052632,mse_from_modulo_method,4,1.0378710285220403
705,705,0.4,23,2.747368421052632,mse_from_modulo_method,5,2.304584798517346
706,706,0.4,23,2.747368421052632,mse_from_modulo_method,6,0.9917066170652782
707,707,0.4,23,2.747368421052632,mse_from_modulo_method,7,3.758090162371883
708,708,0.4,23,2.747368421052632,mse_from_modulo_method,8,4.567750995013936
709,709,0.4,23,2.747368421052632,mse_from_modulo_method,9,1.988218550860954
710,710,0.4,23,2.747368421052632,mse_from_modulo_method,10,1.2884506522705346
711,711,0.4,23,2.747368421052632,mse_from_modulo_method,11,1.9514015178726385
712,712,0.4,23,2.747368421052632,mse_from_modulo_method,12,0.9870244910261466
713,713,0.4,23,2.747368421052632,mse_from_modulo_method,13,1.5844789558139252
714,714,0.4,23,2.747368421052632,mse_from_modulo_method,14,1.5855647527016226
715,715,0.4,23,2.747368421052632,mse_from_modulo_method,15,1.6743388382949567
716,716,0.4,23,2.747368421052632,mse_from_modulo_method,16,4.28048449011099
717,717,0.4,23,2.747368421052632,mse_from_modulo_method,17,82.22998026868947
718,718,0.4,23,2.747368421052632,mse_from_modulo_method,18,2.1422898279681393
719,719,0.4,23,2.747368421052632,mse_from_modulo_method,19,1.5883001196290463
720,720,0.4,23,2.8736842105263163,mse_from_naive_method,0,50.12402977695592
721,721,0.4,23,2.8736842105263163,mse_from_naive_method,1,3.2195025519822877
722,722,0.4,23,2.8736842105263163,mse_from_naive_method,2,1.5502085161994674
723,723,0.4,23,2.8736842105263163,mse_from_naive_method,3,1.3762681321992225
724,724,0.4,23,2.8736842105263163,mse_from_naive_method,4,2.9565362390321934
725,725,0.4,23,2.8736842105263163,mse_from_naive_method,5,4.033911530736167
726,726,0.4,23,2.8736842105263163,mse_from_naive_method,6,2.33614649360434
727,727,0.4,23,2.8736842105263163,mse_from_naive_method,7,115.43494752710447
728,728,0.4,23,2.8736842105263163,mse_from_naive_method,8,1.7059573235890553
729,729,0.4,23,2.8736842105263163,mse_from_naive_method,9,0.013129561240738002
730,730,0.4,23,2.8736842105263163,mse_from_naive_method,10,2.3476304262124885
731,731,0.4,23,2.8736842105263163,mse_from_naive_method,11,0.012436350752380112
732,732,0.4,23,2.8736842105263163,mse_from_naive_method,12,2.1032693215286207
733,733,0.4,23,2.8736842105263163,mse_from_naive_method,13,0.013070864720255409
734,734,0.4,23,2.8736842105263163,mse_from_naive_method,14,1.7046216297196652
735,735,0.4,23,2.8736842105263163,mse_from_naive_method,15,4.887522949299109
736,736,0.4,23,2.8736842105263163,mse_from_naive_method,16,0.012353682666326278
737,737,0.4,23,2.8736842105263163,mse_from_naive_method,17,2.196624841952509
738,738,0.4,23,2.8736842105263163,mse_from_naive_method,18,0.01238465341923643
739,739,0.4,23,2.8736842105263163,mse_from_naive_method,19,0.012280266033114511
740,740,0.4,23,2.8736842105263163,mse_from_modulo_method,0,2495.94338058455
741,741,0.4,23,2.8736842105263163,mse_from_modulo_method,1,5.34920892012103
742,742,0.4,23,2.8736842105263163,mse_from_modulo_method,2,2.208809808939846
743,743,0.4,23,2.8736842105263163,mse_from_modulo_method,3,1.852491850274451
744,744,0.4,23,2.8736842105263163,mse_from_modulo_method,4,3.217027318838782
745,745,0.4,23,2.8736842105263163,mse_from_modulo_method,5,9.498163093473146
746,746,0.4,23,2.8736842105263163,mse_from_modulo_method,6,64.43539941274251
747,747,0.4,23,2.8736842105263163,mse_from_modulo_method,7,2.8492294890671928
748,748,0.4,23,2.8736842105263163,mse_from_modulo_method,8,1.5086384597501108
749,749,0.4,23,2.8736842105263163,mse_from_modulo_method,9,2.0640942581613713
750,750,0.4,23,2.8736842105263163,mse_from_modulo_method,10,2.794284653839155
751,751,0.4,23,2.8736842105263163,mse_from_modulo_method,11,2.337385289619332
752,752,0.4,23,2.8736842105263163,mse_from_modulo_method,12,0.8229297902539227
753,753,0.4,23,2.8736842105263163,mse_from_modulo_method,13,1.8778096737846541
754,754,0.4,23,2.8736842105263163,mse_from_modulo_method,14,1.2026879997714526
755,755,0.4,23,2.8736842105263163,mse_from_modulo_method,15,5.934097856313468
756,756,0.4,23,2.8736842105263163,mse_from_modulo_method,16,1.1454689251687125
757,757,0.4,23,2.8736842105263163,mse_from_modulo_method,17,1.2237469560586887
758,758,0.4,23,2.8736842105263163,mse_from_modulo_method,18,5.710500831899573
759,759,0.4,23,2.8736842105263163,mse_from_modulo_method,19,1.140535358423451
760,760,0.4,23,3.0,mse_from_naive_method,0,0.013251802292235002
761,761,0.4,23,3.0,mse_from_naive_method,1,0.013701290745555768
762,762,0.4,23,3.0,mse_from_naive_method,2,3.4278162959697682
763,763,0.4,23,3.0,mse_from_naive_method,3,2.3505380333800163
764,764,0.4,23,3.0,mse_from_naive_method,4,3.127688458406816
765,765,0.4,23,3.0,mse_from_naive_method,5,0.01313534398312679
766,766,0.4,23,3.0,mse_from_naive_method,6,0.013981167817336554
767,767,0.4,23,3.0,mse_from_naive_method,7,2.282159503542171
768,768,0.4,23,3.0,mse_from_naive_method,8,2.852840041592674
769,769,0.4,23,3.0,mse_from_naive_method,9,0.012768775920520965
770,770,0.4,23,3.0,mse_from_naive_method,10,0.01420953854794598
771,771,0.4,23,3.0,mse_from_naive_method,11,2.137183635861765
772,772,0.4,23,3.0,mse_from_naive_method,12,1.529652242101214
773,773,0.4,23,3.0,mse_from_naive_method,13,2.73995866430653
774,774,0.4,23,3.0,mse_from_naive_method,14,1.7948701775860345
775,775,0.4,23,3.0,mse_from_naive_method,15,8.877493915214783
776,776,0.4,23,3.0,mse_from_naive_method,16,0.014309013745496407
777,777,0.4,23,3.0,mse_from_naive_method,17,1.577507042671984
778,778,0.4,23,3.0,mse_from_naive_method,18,4.7782313028219345
779,779,0.4,23,3.0,mse_from_naive_method,19,0.013254725600956654
780,780,0.4,23,3.0,mse_from_modulo_method,0,0.012840266950042128
781,781,0.4,23,3.0,mse_from_modulo_method,1,0.013110787062031086
782,782,0.4,23,3.0,mse_from_modulo_method,2,1.945000345054511
783,783,0.4,23,3.0,mse_from_modulo_method,3,1.3263873996682662
784,784,0.4,23,3.0,mse_from_modulo_method,4,0.013071147708648341
785,785,0.4,23,3.0,mse_from_modulo_method,5,12.408113840338094
786,786,0.4,23,3.0,mse_from_modulo_method,6,5.474349909198242
787,787,0.4,23,3.0,mse_from_modulo_method,7,0.012695254347881303
788,788,0.4,23,3.0,mse_from_modulo_method,8,4.685076828788325
789,789,0.4,23,3.0,mse_from_modulo_method,9,2.6017275044805115
790,790,0.4,23,3.0,mse_from_modulo_method,10,1.742125578224722
791,791,0.4,23,3.0,mse_from_modulo_method,11,4.253455964539156
792,792,0.4,23,3.0,mse_from_modulo_method,12,0.014046068388491649
793,793,0.4,23,3.0,mse_from_modulo_method,13,2.0305979612661123
794,794,0.4,23,3.0,mse_from_modulo_method,14,3.1554095283762944
795,795,0.4,23,3.0,mse_from_modulo_method,15,2.212653446066613
796,796,0.4,23,3.0,mse_from_modulo_method,16,0.012537863682322556
797,797,0.4,23,3.0,mse_from_modulo_method,17,8.60986099681962
798,798,0.4,23,3.0,mse_from_modulo_method,18,0.01290677535159249
799,799,0.4,23,3.0,mse_from_modulo_method,19,2.140881558934741
