,quant_size,number_of_bins,std_threshold,method,number_of_sims
0,0.4,23,0.6,mse_from_naive_method,0
1,0.4,23,0.6,mse_from_naive_method,1
2,0.4,23,0.6,mse_from_naive_method,2
3,0.4,23,0.6,mse_from_naive_method,3
4,0.4,23,0.6,mse_from_naive_method,4
5,0.4,23,0.6,mse_from_naive_method,5
6,0.4,23,0.6,mse_from_naive_method,6
7,0.4,23,0.6,mse_from_naive_method,7
8,0.4,23,0.6,mse_from_naive_method,8
9,0.4,23,0.6,mse_from_naive_method,9
10,0.4,23,0.6,mse_from_naive_method,10
11,0.4,23,0.6,mse_from_naive_method,11
12,0.4,23,0.6,mse_from_naive_method,12
13,0.4,23,0.6,mse_from_naive_method,13
14,0.4,23,0.6,mse_from_naive_method,14
15,0.4,23,0.6,mse_from_naive_method,15
16,0.4,23,0.6,mse_from_naive_method,16
17,0.4,23,0.6,mse_from_naive_method,17
18,0.4,23,0.6,mse_from_naive_method,18
19,0.4,23,0.6,mse_from_naive_method,19
20,0.4,23,0.6,mse_from_modulo_method,0
21,0.4,23,0.6,mse_from_modulo_method,1
22,0.4,23,0.6,mse_from_modulo_method,2
23,0.4,23,0.6,mse_from_modulo_method,3
24,0.4,23,0.6,mse_from_modulo_method,4
25,0.4,23,0.6,mse_from_modulo_method,5
26,0.4,23,0.6,mse_from_modulo_method,6
27,0.4,23,0.6,mse_from_modulo_method,7
28,0.4,23,0.6,mse_from_modulo_method,8
29,0.4,23,0.6,mse_from_modulo_method,9
30,0.4,23,0.6,mse_from_modulo_method,10
31,0.4,23,0.6,mse_from_modulo_method,11
32,0.4,23,0.6,mse_from_modulo_method,12
33,0.4,23,0.6,mse_from_modulo_method,13
34,0.4,23,0.6,mse_from_modulo_method,14
35,0.4,23,0.6,mse_from_modulo_method,15
36,0.4,23,0.6,mse_from_modulo_method,16
37,0.4,23,0.6,mse_from_modulo_method,17
38,0.4,23,0.6,mse_from_modulo_method,18
39,0.4,23,0.6,mse_from_modulo_method,19
40,0.4,23,0.7263157894736842,mse_from_naive_method,0
41,0.4,23,0.7263157894736842,mse_from_naive_method,1
42,0.4,23,0.7263157894736842,mse_from_naive_method,2
43,0.4,23,0.7263157894736842,mse_from_naive_method,3
44,0.4,23,0.7263157894736842,mse_from_naive_method,4
45,0.4,23,0.7263157894736842,mse_from_naive_method,5
46,0.4,23,0.7263157894736842,mse_from_naive_method,6
47,0.4,23,0.7263157894736842,mse_from_naive_method,7
48,0.4,23,0.7263157894736842,mse_from_naive_method,8
49,0.4,23,0.7263157894736842,mse_from_naive_method,9
50,0.4,23,0.7263157894736842,mse_from_naive_method,10
51,0.4,23,0.7263157894736842,mse_from_naive_method,11
52,0.4,23,0.7263157894736842,mse_from_naive_method,12
53,0.4,23,0.7263157894736842,mse_from_naive_method,13
54,0.4,23,0.7263157894736842,mse_from_naive_method,14
55,0.4,23,0.7263157894736842,mse_from_naive_method,15
56,0.4,23,0.7263157894736842,mse_from_naive_method,16
57,0.4,23,0.7263157894736842,mse_from_naive_method,17
58,0.4,23,0.7263157894736842,mse_from_naive_method,18
59,0.4,23,0.7263157894736842,mse_from_naive_method,19
60,0.4,23,0.7263157894736842,mse_from_modulo_method,0
61,0.4,23,0.7263157894736842,mse_from_modulo_method,1
62,0.4,23,0.7263157894736842,mse_from_modulo_method,2
63,0.4,23,0.7263157894736842,mse_from_modulo_method,3
64,0.4,23,0.7263157894736842,mse_from_modulo_method,4
65,0.4,23,0.7263157894736842,mse_from_modulo_method,5
66,0.4,23,0.7263157894736842,mse_from_modulo_method,6
67,0.4,23,0.7263157894736842,mse_from_modulo_method,7
68,0.4,23,0.7263157894736842,mse_from_modulo_method,8
69,0.4,23,0.7263157894736842,mse_from_modulo_method,9
70,0.4,23,0.7263157894736842,mse_from_modulo_method,10
71,0.4,23,0.7263157894736842,mse_from_modulo_method,11
72,0.4,23,0.7263157894736842,mse_from_modulo_method,12
73,0.4,23,0.7263157894736842,mse_from_modulo_method,13
74,0.4,23,0.7263157894736842,mse_from_modulo_method,14
75,0.4,23,0.7263157894736842,mse_from_modulo_method,15
76,0.4,23,0.7263157894736842,mse_from_modulo_method,16
77,0.4,23,0.7263157894736842,mse_from_modulo_method,17
78,0.4,23,0.7263157894736842,mse_from_modulo_method,18
79,0.4,23,0.7263157894736842,mse_from_modulo_method,19
80,0.4,23,0.8526315789473684,mse_from_naive_method,0
81,0.4,23,0.8526315789473684,mse_from_naive_method,1
82,0.4,23,0.8526315789473684,mse_from_naive_method,2
83,0.4,23,0.8526315789473684,mse_from_naive_method,3
84,0.4,23,0.8526315789473684,mse_from_naive_method,4
85,0.4,23,0.8526315789473684,mse_from_naive_method,5
86,0.4,23,0.8526315789473684,mse_from_naive_method,6
87,0.4,23,0.8526315789473684,mse_from_naive_method,7
88,0.4,23,0.8526315789473684,mse_from_naive_method,8
89,0.4,23,0.8526315789473684,mse_from_naive_method,9
90,0.4,23,0.8526315789473684,mse_from_naive_method,10
91,0.4,23,0.8526315789473684,mse_from_naive_method,11
92,0.4,23,0.8526315789473684,mse_from_naive_method,12
93,0.4,23,0.8526315789473684,mse_from_naive_method,13
94,0.4,23,0.8526315789473684,mse_from_naive_method,14
95,0.4,23,0.8526315789473684,mse_from_naive_method,15
96,0.4,23,0.8526315789473684,mse_from_naive_method,16
97,0.4,23,0.8526315789473684,mse_from_naive_method,17
98,0.4,23,0.8526315789473684,mse_from_naive_method,18
99,0.4,23,0.8526315789473684,mse_from_naive_method,19
100,0.4,23,0.8526315789473684,mse_from_modulo_method,0
101,0.4,23,0.8526315789473684,mse_from_modulo_method,1
102,0.4,23,0.8526315789473684,mse_from_modulo_method,2
103,0.4,23,0.8526315789473684,mse_from_modulo_method,3
104,0.4,23,0.8526315789473684,mse_from_modulo_method,4
105,0.4,23,0.8526315789473684,mse_from_modulo_method,5
106,0.4,23,0.8526315789473684,mse_from_modulo_method,6
107,0.4,23,0.8526315789473684,mse_from_modulo_method,7
108,0.4,23,0.8526315789473684,mse_from_modulo_method,8
109,0.4,23,0.8526315789473684,mse_from_modulo_method,9
110,0.4,23,0.8526315789473684,mse_from_modulo_method,10
111,0.4,23,0.8526315789473684,mse_from_modulo_method,11
112,0.4,23,0.8526315789473684,mse_from_modulo_method,12
113,0.4,23,0.8526315789473684,mse_from_modulo_method,13
114,0.4,23,0.8526315789473684,mse_from_modulo_method,14
115,0.4,23,0.8526315789473684,mse_from_modulo_method,15
116,0.4,23,0.8526315789473684,mse_from_modulo_method,16
117,0.4,23,0.8526315789473684,mse_from_modulo_method,17
118,0.4,23,0.8526315789473684,mse_from_modulo_method,18
119,0.4,23,0.8526315789473684,mse_from_modulo_method,19
120,0.4,23,0.9789473684210526,mse_from_naive_method,0
121,0.4,23,0.9789473684210526,mse_from_naive_method,1
122,0.4,23,0.9789473684210526,mse_from_naive_method,2
123,0.4,23,0.9789473684210526,mse_from_naive_method,3
124,0.4,23,0.9789473684210526,mse_from_naive_method,4
125,0.4,23,0.9789473684210526,mse_from_naive_method,5
126,0.4,23,0.9789473684210526,mse_from_naive_method,6
127,0.4,23,0.9789473684210526,mse_from_naive_method,7
128,0.4,23,0.9789473684210526,mse_from_naive_method,8
129,0.4,23,0.9789473684210526,mse_from_naive_method,9
130,0.4,23,0.9789473684210526,mse_from_naive_method,10
131,0.4,23,0.9789473684210526,mse_from_naive_method,11
132,0.4,23,0.9789473684210526,mse_from_naive_method,12
133,0.4,23,0.9789473684210526,mse_from_naive_method,13
134,0.4,23,0.9789473684210526,mse_from_naive_method,14
135,0.4,23,0.9789473684210526,mse_from_naive_method,15
136,0.4,23,0.9789473684210526,mse_from_naive_method,16
137,0.4,23,0.9789473684210526,mse_from_naive_method,17
138,0.4,23,0.9789473684210526,mse_from_naive_method,18
139,0.4,23,0.9789473684210526,mse_from_naive_method,19
140,0.4,23,0.9789473684210526,mse_from_modulo_method,0
141,0.4,23,0.9789473684210526,mse_from_modulo_method,1
142,0.4,23,0.9789473684210526,mse_from_modulo_method,2
143,0.4,23,0.9789473684210526,mse_from_modulo_method,3
144,0.4,23,0.9789473684210526,mse_from_modulo_method,4
145,0.4,23,0.9789473684210526,mse_from_modulo_method,5
146,0.4,23,0.9789473684210526,mse_from_modulo_method,6
147,0.4,23,0.9789473684210526,mse_from_modulo_method,7
148,0.4,23,0.9789473684210526,mse_from_modulo_method,8
149,0.4,23,0.9789473684210526,mse_from_modulo_method,9
150,0.4,23,0.9789473684210526,mse_from_modulo_method,10
151,0.4,23,0.9789473684210526,mse_from_modulo_method,11
152,0.4,23,0.9789473684210526,mse_from_modulo_method,12
153,0.4,23,0.9789473684210526,mse_from_modulo_method,13
154,0.4,23,0.9789473684210526,mse_from_modulo_method,14
155,0.4,23,0.9789473684210526,mse_from_modulo_method,15
156,0.4,23,0.9789473684210526,mse_from_modulo_method,16
157,0.4,23,0.9789473684210526,mse_from_modulo_method,17
158,0.4,23,0.9789473684210526,mse_from_modulo_method,18
159,0.4,23,0.9789473684210526,mse_from_modulo_method,19
160,0.4,23,1.1052631578947367,mse_from_naive_method,0
161,0.4,23,1.1052631578947367,mse_from_naive_method,1
162,0.4,23,1.1052631578947367,mse_from_naive_method,2
163,0.4,23,1.1052631578947367,mse_from_naive_method,3
164,0.4,23,1.1052631578947367,mse_from_naive_method,4
165,0.4,23,1.1052631578947367,mse_from_naive_method,5
166,0.4,23,1.1052631578947367,mse_from_naive_method,6
167,0.4,23,1.1052631578947367,mse_from_naive_method,7
168,0.4,23,1.1052631578947367,mse_from_naive_method,8
169,0.4,23,1.1052631578947367,mse_from_naive_method,9
170,0.4,23,1.1052631578947367,mse_from_naive_method,10
171,0.4,23,1.1052631578947367,mse_from_naive_method,11
172,0.4,23,1.1052631578947367,mse_from_naive_method,12
173,0.4,23,1.1052631578947367,mse_from_naive_method,13
174,0.4,23,1.1052631578947367,mse_from_naive_method,14
175,0.4,23,1.1052631578947367,mse_from_naive_method,15
176,0.4,23,1.1052631578947367,mse_from_naive_method,16
177,0.4,23,1.1052631578947367,mse_from_naive_method,17
178,0.4,23,1.1052631578947367,mse_from_naive_method,18
179,0.4,23,1.1052631578947367,mse_from_naive_method,19
180,0.4,23,1.1052631578947367,mse_from_modulo_method,0
181,0.4,23,1.1052631578947367,mse_from_modulo_method,1
182,0.4,23,1.1052631578947367,mse_from_modulo_method,2
183,0.4,23,1.1052631578947367,mse_from_modulo_method,3
184,0.4,23,1.1052631578947367,mse_from_modulo_method,4
185,0.4,23,1.1052631578947367,mse_from_modulo_method,5
186,0.4,23,1.1052631578947367,mse_from_modulo_method,6
187,0.4,23,1.1052631578947367,mse_from_modulo_method,7
188,0.4,23,1.1052631578947367,mse_from_modulo_method,8
189,0.4,23,1.1052631578947367,mse_from_modulo_method,9
190,0.4,23,1.1052631578947367,mse_from_modulo_method,10
191,0.4,23,1.1052631578947367,mse_from_modulo_method,11
192,0.4,23,1.1052631578947367,mse_from_modulo_method,12
193,0.4,23,1.1052631578947367,mse_from_modulo_method,13
194,0.4,23,1.1052631578947367,mse_from_modulo_method,14
195,0.4,23,1.1052631578947367,mse_from_modulo_method,15
196,0.4,23,1.1052631578947367,mse_from_modulo_method,16
197,0.4,23,1.1052631578947367,mse_from_modulo_method,17
198,0.4,23,1.1052631578947367,mse_from_modulo_method,18
199,0.4,23,1.1052631578947367,mse_from_modulo_method,19
200,0.4,23,1.2315789473684209,mse_from_naive_method,0
201,0.4,23,1.2315789473684209,mse_from_naive_method,1
202,0.4,23,1.2315789473684209,mse_from_naive_method,2
203,0.4,23,1.2315789473684209,mse_from_naive_method,3
204,0.4,23,1.2315789473684209,mse_from_naive_method,4
205,0.4,23,1.2315789473684209,mse_from_naive_method,5
206,0.4,23,1.2315789473684209,mse_from_naive_method,6
207,0.4,23,1.2315789473684209,mse_from_naive_method,7
208,0.4,23,1.2315789473684209,mse_from_naive_method,8
209,0.4,23,1.2315789473684209,mse_from_naive_method,9
210,0.4,23,1.2315789473684209,mse_from_naive_method,10
211,0.4,23,1.2315789473684209,mse_from_naive_method,11
212,0.4,23,1.2315789473684209,mse_from_naive_method,12
213,0.4,23,1.2315789473684209,mse_from_naive_method,13
214,0.4,23,1.2315789473684209,mse_from_naive_method,14
215,0.4,23,1.2315789473684209,mse_from_naive_method,15
216,0.4,23,1.2315789473684209,mse_from_naive_method,16
217,0.4,23,1.2315789473684209,mse_from_naive_method,17
218,0.4,23,1.2315789473684209,mse_from_naive_method,18
219,0.4,23,1.2315789473684209,mse_from_naive_method,19
220,0.4,23,1.2315789473684209,mse_from_modulo_method,0
221,0.4,23,1.2315789473684209,mse_from_modulo_method,1
222,0.4,23,1.2315789473684209,mse_from_modulo_method,2
223,0.4,23,1.2315789473684209,mse_from_modulo_method,3
224,0.4,23,1.2315789473684209,mse_from_modulo_method,4
225,0.4,23,1.2315789473684209,mse_from_modulo_method,5
226,0.4,23,1.2315789473684209,mse_from_modulo_method,6
227,0.4,23,1.2315789473684209,mse_from_modulo_method,7
228,0.4,23,1.2315789473684209,mse_from_modulo_method,8
229,0.4,23,1.2315789473684209,mse_from_modulo_method,9
230,0.4,23,1.2315789473684209,mse_from_modulo_method,10
231,0.4,23,1.2315789473684209,mse_from_modulo_method,11
232,0.4,23,1.2315789473684209,mse_from_modulo_method,12
233,0.4,23,1.2315789473684209,mse_from_modulo_method,13
234,0.4,23,1.2315789473684209,mse_from_modulo_method,14
235,0.4,23,1.2315789473684209,mse_from_modulo_method,15
236,0.4,23,1.2315789473684209,mse_from_modulo_method,16
237,0.4,23,1.2315789473684209,mse_from_modulo_method,17
238,0.4,23,1.2315789473684209,mse_from_modulo_method,18
239,0.4,23,1.2315789473684209,mse_from_modulo_method,19
240,0.4,23,1.3578947368421053,mse_from_naive_method,0
241,0.4,23,1.3578947368421053,mse_from_naive_method,1
242,0.4,23,1.3578947368421053,mse_from_naive_method,2
243,0.4,23,1.3578947368421053,mse_from_naive_method,3
244,0.4,23,1.3578947368421053,mse_from_naive_method,4
245,0.4,23,1.3578947368421053,mse_from_naive_method,5
246,0.4,23,1.3578947368421053,mse_from_naive_method,6
247,0.4,23,1.3578947368421053,mse_from_naive_method,7
248,0.4,23,1.3578947368421053,mse_from_naive_method,8
249,0.4,23,1.3578947368421053,mse_from_naive_method,9
250,0.4,23,1.3578947368421053,mse_from_naive_method,10
251,0.4,23,1.3578947368421053,mse_from_naive_method,11
252,0.4,23,1.3578947368421053,mse_from_naive_method,12
253,0.4,23,1.3578947368421053,mse_from_naive_method,13
254,0.4,23,1.3578947368421053,mse_from_naive_method,14
255,0.4,23,1.3578947368421053,mse_from_naive_method,15
256,0.4,23,1.3578947368421053,mse_from_naive_method,16
257,0.4,23,1.3578947368421053,mse_from_naive_method,17
258,0.4,23,1.3578947368421053,mse_from_naive_method,18
259,0.4,23,1.3578947368421053,mse_from_naive_method,19
260,0.4,23,1.3578947368421053,mse_from_modulo_method,0
261,0.4,23,1.3578947368421053,mse_from_modulo_method,1
262,0.4,23,1.3578947368421053,mse_from_modulo_method,2
263,0.4,23,1.3578947368421053,mse_from_modulo_method,3
264,0.4,23,1.3578947368421053,mse_from_modulo_method,4
265,0.4,23,1.3578947368421053,mse_from_modulo_method,5
266,0.4,23,1.3578947368421053,mse_from_modulo_method,6
267,0.4,23,1.3578947368421053,mse_from_modulo_method,7
268,0.4,23,1.3578947368421053,mse_from_modulo_method,8
269,0.4,23,1.3578947368421053,mse_from_modulo_method,9
270,0.4,23,1.3578947368421053,mse_from_modulo_method,10
271,0.4,23,1.3578947368421053,mse_from_modulo_method,11
272,0.4,23,1.3578947368421053,mse_from_modulo_method,12
273,0.4,23,1.3578947368421053,mse_from_modulo_method,13
274,0.4,23,1.3578947368421053,mse_from_modulo_method,14
275,0.4,23,1.3578947368421053,mse_from_modulo_method,15
276,0.4,23,1.3578947368421053,mse_from_modulo_method,16
277,0.4,23,1.3578947368421053,mse_from_modulo_method,17
278,0.4,23,1.3578947368421053,mse_from_modulo_method,18
279,0.4,23,1.3578947368421053,mse_from_modulo_method,19
280,0.4,23,1.4842105263157896,mse_from_naive_method,0
281,0.4,23,1.4842105263157896,mse_from_naive_method,1
282,0.4,23,1.4842105263157896,mse_from_naive_method,2
283,0.4,23,1.4842105263157896,mse_from_naive_method,3
284,0.4,23,1.4842105263157896,mse_from_naive_method,4
285,0.4,23,1.4842105263157896,mse_from_naive_method,5
286,0.4,23,1.4842105263157896,mse_from_naive_method,6
287,0.4,23,1.4842105263157896,mse_from_naive_method,7
288,0.4,23,1.4842105263157896,mse_from_naive_method,8
289,0.4,23,1.4842105263157896,mse_from_naive_method,9
290,0.4,23,1.4842105263157896,mse_from_naive_method,10
291,0.4,23,1.4842105263157896,mse_from_naive_method,11
292,0.4,23,1.4842105263157896,mse_from_naive_method,12
293,0.4,23,1.4842105263157896,mse_from_naive_method,13
294,0.4,23,1.4842105263157896,mse_from_naive_method,14
295,0.4,23,1.4842105263157896,mse_from_naive_method,15
296,0.4,23,1.4842105263157896,mse_from_naive_method,16
297,0.4,23,1.4842105263157896,mse_from_naive_method,17
298,0.4,23,1.4842105263157896,mse_from_naive_method,18
299,0.4,23,1.4842105263157896,mse_from_naive_method,19
300,0.4,23,1.4842105263157896,mse_from_modulo_method,0
301,0.4,23,1.4842105263157896,mse_from_modulo_method,1
302,0.4,23,1.4842105263157896,mse_from_modulo_method,2
303,0.4,23,1.4842105263157896,mse_from_modulo_method,3
304,0.4,23,1.4842105263157896,mse_from_modulo_method,4
305,0.4,23,1.4842105263157896,mse_from_modulo_method,5
306,0.4,23,1.4842105263157896,mse_from_modulo_method,6
307,0.4,23,1.4842105263157896,mse_from_modulo_method,7
308,0.4,23,1.4842105263157896,mse_from_modulo_method,8
309,0.4,23,1.4842105263157896,mse_from_modulo_method,9
310,0.4,23,1.4842105263157896,mse_from_modulo_method,10
311,0.4,23,1.4842105263157896,mse_from_modulo_method,11
312,0.4,23,1.4842105263157896,mse_from_modulo_method,12
313,0.4,23,1.4842105263157896,mse_from_modulo_method,13
314,0.4,23,1.4842105263157896,mse_from_modulo_method,14
315,0.4,23,1.4842105263157896,mse_from_modulo_method,15
316,0.4,23,1.4842105263157896,mse_from_modulo_method,16
317,0.4,23,1.4842105263157896,mse_from_modulo_method,17
318,0.4,23,1.4842105263157896,mse_from_modulo_method,18
319,0.4,23,1.4842105263157896,mse_from_modulo_method,19
320,0.4,23,1.6105263157894738,mse_from_naive_method,0
321,0.4,23,1.6105263157894738,mse_from_naive_method,1
322,0.4,23,1.6105263157894738,mse_from_naive_method,2
323,0.4,23,1.6105263157894738,mse_from_naive_method,3
324,0.4,23,1.6105263157894738,mse_from_naive_method,4
325,0.4,23,1.6105263157894738,mse_from_naive_method,5
326,0.4,23,1.6105263157894738,mse_from_naive_method,6
327,0.4,23,1.6105263157894738,mse_from_naive_method,7
328,0.4,23,1.6105263157894738,mse_from_naive_method,8
329,0.4,23,1.6105263157894738,mse_from_naive_method,9
330,0.4,23,1.6105263157894738,mse_from_naive_method,10
331,0.4,23,1.6105263157894738,mse_from_naive_method,11
332,0.4,23,1.6105263157894738,mse_from_naive_method,12
333,0.4,23,1.6105263157894738,mse_from_naive_method,13
334,0.4,23,1.6105263157894738,mse_from_naive_method,14
335,0.4,23,1.6105263157894738,mse_from_naive_method,15
336,0.4,23,1.6105263157894738,mse_from_naive_method,16
337,0.4,23,1.6105263157894738,mse_from_naive_method,17
338,0.4,23,1.6105263157894738,mse_from_naive_method,18
339,0.4,23,1.6105263157894738,mse_from_naive_method,19
340,0.4,23,1.6105263157894738,mse_from_modulo_method,0
341,0.4,23,1.6105263157894738,mse_from_modulo_method,1
342,0.4,23,1.6105263157894738,mse_from_modulo_method,2
343,0.4,23,1.6105263157894738,mse_from_modulo_method,3
344,0.4,23,1.6105263157894738,mse_from_modulo_method,4
345,0.4,23,1.6105263157894738,mse_from_modulo_method,5
346,0.4,23,1.6105263157894738,mse_from_modulo_method,6
347,0.4,23,1.6105263157894738,mse_from_modulo_method,7
348,0.4,23,1.6105263157894738,mse_from_modulo_method,8
349,0.4,23,1.6105263157894738,mse_from_modulo_method,9
350,0.4,23,1.6105263157894738,mse_from_modulo_method,10
351,0.4,23,1.6105263157894738,mse_from_modulo_method,11
352,0.4,23,1.6105263157894738,mse_from_modulo_method,12
353,0.4,23,1.6105263157894738,mse_from_modulo_method,13
354,0.4,23,1.6105263157894738,mse_from_modulo_method,14
355,0.4,23,1.6105263157894738,mse_from_modulo_method,15
356,0.4,23,1.6105263157894738,mse_from_modulo_method,16
357,0.4,23,1.6105263157894738,mse_from_modulo_method,17
358,0.4,23,1.6105263157894738,mse_from_modulo_method,18
359,0.4,23,1.6105263157894738,mse_from_modulo_method,19
360,0.4,23,1.736842105263158,mse_from_naive_method,0
361,0.4,23,1.736842105263158,mse_from_naive_method,1
362,0.4,23,1.736842105263158,mse_from_naive_method,2
363,0.4,23,1.736842105263158,mse_from_naive_method,3
364,0.4,23,1.736842105263158,mse_from_naive_method,4
365,0.4,23,1.736842105263158,mse_from_naive_method,5
366,0.4,23,1.736842105263158,mse_from_naive_method,6
367,0.4,23,1.736842105263158,mse_from_naive_method,7
368,0.4,23,1.736842105263158,mse_from_naive_method,8
369,0.4,23,1.736842105263158,mse_from_naive_method,9
370,0.4,23,1.736842105263158,mse_from_naive_method,10
371,0.4,23,1.736842105263158,mse_from_naive_method,11
372,0.4,23,1.736842105263158,mse_from_naive_method,12
373,0.4,23,1.736842105263158,mse_from_naive_method,13
374,0.4,23,1.736842105263158,mse_from_naive_method,14
375,0.4,23,1.736842105263158,mse_from_naive_method,15
376,0.4,23,1.736842105263158,mse_from_naive_method,16
377,0.4,23,1.736842105263158,mse_from_naive_method,17
378,0.4,23,1.736842105263158,mse_from_naive_method,18
379,0.4,23,1.736842105263158,mse_from_naive_method,19
380,0.4,23,1.736842105263158,mse_from_modulo_method,0
381,0.4,23,1.736842105263158,mse_from_modulo_method,1
382,0.4,23,1.736842105263158,mse_from_modulo_method,2
383,0.4,23,1.736842105263158,mse_from_modulo_method,3
384,0.4,23,1.736842105263158,mse_from_modulo_method,4
385,0.4,23,1.736842105263158,mse_from_modulo_method,5
386,0.4,23,1.736842105263158,mse_from_modulo_method,6
387,0.4,23,1.736842105263158,mse_from_modulo_method,7
388,0.4,23,1.736842105263158,mse_from_modulo_method,8
389,0.4,23,1.736842105263158,mse_from_modulo_method,9
390,0.4,23,1.736842105263158,mse_from_modulo_method,10
391,0.4,23,1.736842105263158,mse_from_modulo_method,11
392,0.4,23,1.736842105263158,mse_from_modulo_method,12
393,0.4,23,1.736842105263158,mse_from_modulo_method,13
394,0.4,23,1.736842105263158,mse_from_modulo_method,14
395,0.4,23,1.736842105263158,mse_from_modulo_method,15
396,0.4,23,1.736842105263158,mse_from_modulo_method,16
397,0.4,23,1.736842105263158,mse_from_modulo_method,17
398,0.4,23,1.736842105263158,mse_from_modulo_method,18
399,0.4,23,1.736842105263158,mse_from_modulo_method,19
400,0.4,23,1.8631578947368421,mse_from_naive_method,0
401,0.4,23,1.8631578947368421,mse_from_naive_method,1
402,0.4,23,1.8631578947368421,mse_from_naive_method,2
403,0.4,23,1.8631578947368421,mse_from_naive_method,3
404,0.4,23,1.8631578947368421,mse_from_naive_method,4
405,0.4,23,1.8631578947368421,mse_from_naive_method,5
406,0.4,23,1.8631578947368421,mse_from_naive_method,6
407,0.4,23,1.8631578947368421,mse_from_naive_method,7
408,0.4,23,1.8631578947368421,mse_from_naive_method,8
409,0.4,23,1.8631578947368421,mse_from_naive_method,9
410,0.4,23,1.8631578947368421,mse_from_naive_method,10
411,0.4,23,1.8631578947368421,mse_from_naive_method,11
412,0.4,23,1.8631578947368421,mse_from_naive_method,12
413,0.4,23,1.8631578947368421,mse_from_naive_method,13
414,0.4,23,1.8631578947368421,mse_from_naive_method,14
415,0.4,23,1.8631578947368421,mse_from_naive_method,15
416,0.4,23,1.8631578947368421,mse_from_naive_method,16
417,0.4,23,1.8631578947368421,mse_from_naive_method,17
418,0.4,23,1.8631578947368421,mse_from_naive_method,18
419,0.4,23,1.8631578947368421,mse_from_naive_method,19
420,0.4,23,1.8631578947368421,mse_from_modulo_method,0
421,0.4,23,1.8631578947368421,mse_from_modulo_method,1
422,0.4,23,1.8631578947368421,mse_from_modulo_method,2
423,0.4,23,1.8631578947368421,mse_from_modulo_method,3
424,0.4,23,1.8631578947368421,mse_from_modulo_method,4
425,0.4,23,1.8631578947368421,mse_from_modulo_method,5
426,0.4,23,1.8631578947368421,mse_from_modulo_method,6
427,0.4,23,1.8631578947368421,mse_from_modulo_method,7
428,0.4,23,1.8631578947368421,mse_from_modulo_method,8
429,0.4,23,1.8631578947368421,mse_from_modulo_method,9
430,0.4,23,1.8631578947368421,mse_from_modulo_method,10
431,0.4,23,1.8631578947368421,mse_from_modulo_method,11
432,0.4,23,1.8631578947368421,mse_from_modulo_method,12
433,0.4,23,1.8631578947368421,mse_from_modulo_method,13
434,0.4,23,1.8631578947368421,mse_from_modulo_method,14
435,0.4,23,1.8631578947368421,mse_from_modulo_method,15
436,0.4,23,1.8631578947368421,mse_from_modulo_method,16
437,0.4,23,1.8631578947368421,mse_from_modulo_method,17
438,0.4,23,1.8631578947368421,mse_from_modulo_method,18
439,0.4,23,1.8631578947368421,mse_from_modulo_method,19
440,0.4,23,1.9894736842105263,mse_from_naive_method,0
441,0.4,23,1.9894736842105263,mse_from_naive_method,1
442,0.4,23,1.9894736842105263,mse_from_naive_method,2
443,0.4,23,1.9894736842105263,mse_from_naive_method,3
444,0.4,23,1.9894736842105263,mse_from_naive_method,4
445,0.4,23,1.9894736842105263,mse_from_naive_method,5
446,0.4,23,1.9894736842105263,mse_from_naive_method,6
447,0.4,23,1.9894736842105263,mse_from_naive_method,7
448,0.4,23,1.9894736842105263,mse_from_naive_method,8
449,0.4,23,1.9894736842105263,mse_from_naive_method,9
450,0.4,23,1.9894736842105263,mse_from_naive_method,10
451,0.4,23,1.9894736842105263,mse_from_naive_method,11
452,0.4,23,1.9894736842105263,mse_from_naive_method,12
453,0.4,23,1.9894736842105263,mse_from_naive_method,13
454,0.4,23,1.9894736842105263,mse_from_naive_method,14
455,0.4,23,1.9894736842105263,mse_from_naive_method,15
456,0.4,23,1.9894736842105263,mse_from_naive_method,16
457,0.4,23,1.9894736842105263,mse_from_naive_method,17
458,0.4,23,1.9894736842105263,mse_from_naive_method,18
459,0.4,23,1.9894736842105263,mse_from_naive_method,19
460,0.4,23,1.9894736842105263,mse_from_modulo_method,0
461,0.4,23,1.9894736842105263,mse_from_modulo_method,1
462,0.4,23,1.9894736842105263,mse_from_modulo_method,2
463,0.4,23,1.9894736842105263,mse_from_modulo_method,3
464,0.4,23,1.9894736842105263,mse_from_modulo_method,4
465,0.4,23,1.9894736842105263,mse_from_modulo_method,5
466,0.4,23,1.9894736842105263,mse_from_modulo_method,6
467,0.4,23,1.9894736842105263,mse_from_modulo_method,7
468,0.4,23,1.9894736842105263,mse_from_modulo_method,8
469,0.4,23,1.9894736842105263,mse_from_modulo_method,9
470,0.4,23,1.9894736842105263,mse_from_modulo_method,10
471,0.4,23,1.9894736842105263,mse_from_modulo_method,11
472,0.4,23,1.9894736842105263,mse_from_modulo_method,12
473,0.4,23,1.9894736842105263,mse_from_modulo_method,13
474,0.4,23,1.9894736842105263,mse_from_modulo_method,14
475,0.4,23,1.9894736842105263,mse_from_modulo_method,15
476,0.4,23,1.9894736842105263,mse_from_modulo_method,16
477,0.4,23,1.9894736842105263,mse_from_modulo_method,17
478,0.4,23,1.9894736842105263,mse_from_modulo_method,18
479,0.4,23,1.9894736842105263,mse_from_modulo_method,19
480,0.4,23,2.1157894736842104,mse_from_naive_method,0
481,0.4,23,2.1157894736842104,mse_from_naive_method,1
482,0.4,23,2.1157894736842104,mse_from_naive_method,2
483,0.4,23,2.1157894736842104,mse_from_naive_method,3
484,0.4,23,2.1157894736842104,mse_from_naive_method,4
485,0.4,23,2.1157894736842104,mse_from_naive_method,5
486,0.4,23,2.1157894736842104,mse_from_naive_method,6
487,0.4,23,2.1157894736842104,mse_from_naive_method,7
488,0.4,23,2.1157894736842104,mse_from_naive_method,8
489,0.4,23,2.1157894736842104,mse_from_naive_method,9
490,0.4,23,2.1157894736842104,mse_from_naive_method,10
491,0.4,23,2.1157894736842104,mse_from_naive_method,11
492,0.4,23,2.1157894736842104,mse_from_naive_method,12
493,0.4,23,2.1157894736842104,mse_from_naive_method,13
494,0.4,23,2.1157894736842104,mse_from_naive_method,14
495,0.4,23,2.1157894736842104,mse_from_naive_method,15
496,0.4,23,2.1157894736842104,mse_from_naive_method,16
497,0.4,23,2.1157894736842104,mse_from_naive_method,17
498,0.4,23,2.1157894736842104,mse_from_naive_method,18
499,0.4,23,2.1157894736842104,mse_from_naive_method,19
500,0.4,23,2.1157894736842104,mse_from_modulo_method,0
501,0.4,23,2.1157894736842104,mse_from_modulo_method,1
502,0.4,23,2.1157894736842104,mse_from_modulo_method,2
503,0.4,23,2.1157894736842104,mse_from_modulo_method,3
504,0.4,23,2.1157894736842104,mse_from_modulo_method,4
505,0.4,23,2.1157894736842104,mse_from_modulo_method,5
506,0.4,23,2.1157894736842104,mse_from_modulo_method,6
507,0.4,23,2.1157894736842104,mse_from_modulo_method,7
508,0.4,23,2.1157894736842104,mse_from_modulo_method,8
509,0.4,23,2.1157894736842104,mse_from_modulo_method,9
510,0.4,23,2.1157894736842104,mse_from_modulo_method,10
511,0.4,23,2.1157894736842104,mse_from_modulo_method,11
512,0.4,23,2.1157894736842104,mse_from_modulo_method,12
513,0.4,23,2.1157894736842104,mse_from_modulo_method,13
514,0.4,23,2.1157894736842104,mse_from_modulo_method,14
515,0.4,23,2.1157894736842104,mse_from_modulo_method,15
516,0.4,23,2.1157894736842104,mse_from_modulo_method,16
517,0.4,23,2.1157894736842104,mse_from_modulo_method,17
518,0.4,23,2.1157894736842104,mse_from_modulo_method,18
519,0.4,23,2.1157894736842104,mse_from_modulo_method,19
520,0.4,23,2.2421052631578946,mse_from_naive_method,0
521,0.4,23,2.2421052631578946,mse_from_naive_method,1
522,0.4,23,2.2421052631578946,mse_from_naive_method,2
523,0.4,23,2.2421052631578946,mse_from_naive_method,3
524,0.4,23,2.2421052631578946,mse_from_naive_method,4
525,0.4,23,2.2421052631578946,mse_from_naive_method,5
526,0.4,23,2.2421052631578946,mse_from_naive_method,6
527,0.4,23,2.2421052631578946,mse_from_naive_method,7
528,0.4,23,2.2421052631578946,mse_from_naive_method,8
529,0.4,23,2.2421052631578946,mse_from_naive_method,9
530,0.4,23,2.2421052631578946,mse_from_naive_method,10
531,0.4,23,2.2421052631578946,mse_from_naive_method,11
532,0.4,23,2.2421052631578946,mse_from_naive_method,12
533,0.4,23,2.2421052631578946,mse_from_naive_method,13
534,0.4,23,2.2421052631578946,mse_from_naive_method,14
535,0.4,23,2.2421052631578946,mse_from_naive_method,15
536,0.4,23,2.2421052631578946,mse_from_naive_method,16
537,0.4,23,2.2421052631578946,mse_from_naive_method,17
538,0.4,23,2.2421052631578946,mse_from_naive_method,18
539,0.4,23,2.2421052631578946,mse_from_naive_method,19
540,0.4,23,2.2421052631578946,mse_from_modulo_method,0
541,0.4,23,2.2421052631578946,mse_from_modulo_method,1
542,0.4,23,2.2421052631578946,mse_from_modulo_method,2
543,0.4,23,2.2421052631578946,mse_from_modulo_method,3
544,0.4,23,2.2421052631578946,mse_from_modulo_method,4
545,0.4,23,2.2421052631578946,mse_from_modulo_method,5
546,0.4,23,2.2421052631578946,mse_from_modulo_method,6
547,0.4,23,2.2421052631578946,mse_from_modulo_method,7
548,0.4,23,2.2421052631578946,mse_from_modulo_method,8
549,0.4,23,2.2421052631578946,mse_from_modulo_method,9
550,0.4,23,2.2421052631578946,mse_from_modulo_method,10
551,0.4,23,2.2421052631578946,mse_from_modulo_method,11
552,0.4,23,2.2421052631578946,mse_from_modulo_method,12
553,0.4,23,2.2421052631578946,mse_from_modulo_method,13
554,0.4,23,2.2421052631578946,mse_from_modulo_method,14
555,0.4,23,2.2421052631578946,mse_from_modulo_method,15
556,0.4,23,2.2421052631578946,mse_from_modulo_method,16
557,0.4,23,2.2421052631578946,mse_from_modulo_method,17
558,0.4,23,2.2421052631578946,mse_from_modulo_method,18
559,0.4,23,2.2421052631578946,mse_from_modulo_method,19
560,0.4,23,2.368421052631579,mse_from_naive_method,0
561,0.4,23,2.368421052631579,mse_from_naive_method,1
562,0.4,23,2.368421052631579,mse_from_naive_method,2
563,0.4,23,2.368421052631579,mse_from_naive_method,3
564,0.4,23,2.368421052631579,mse_from_naive_method,4
565,0.4,23,2.368421052631579,mse_from_naive_method,5
566,0.4,23,2.368421052631579,mse_from_naive_method,6
567,0.4,23,2.368421052631579,mse_from_naive_method,7
568,0.4,23,2.368421052631579,mse_from_naive_method,8
569,0.4,23,2.368421052631579,mse_from_naive_method,9
570,0.4,23,2.368421052631579,mse_from_naive_method,10
571,0.4,23,2.368421052631579,mse_from_naive_method,11
572,0.4,23,2.368421052631579,mse_from_naive_method,12
573,0.4,23,2.368421052631579,mse_from_naive_method,13
574,0.4,23,2.368421052631579,mse_from_naive_method,14
575,0.4,23,2.368421052631579,mse_from_naive_method,15
576,0.4,23,2.368421052631579,mse_from_naive_method,16
577,0.4,23,2.368421052631579,mse_from_naive_method,17
578,0.4,23,2.368421052631579,mse_from_naive_method,18
579,0.4,23,2.368421052631579,mse_from_naive_method,19
580,0.4,23,2.368421052631579,mse_from_modulo_method,0
581,0.4,23,2.368421052631579,mse_from_modulo_method,1
582,0.4,23,2.368421052631579,mse_from_modulo_method,2
583,0.4,23,2.368421052631579,mse_from_modulo_method,3
584,0.4,23,2.368421052631579,mse_from_modulo_method,4
585,0.4,23,2.368421052631579,mse_from_modulo_method,5
586,0.4,23,2.368421052631579,mse_from_modulo_method,6
587,0.4,23,2.368421052631579,mse_from_modulo_method,7
588,0.4,23,2.368421052631579,mse_from_modulo_method,8
589,0.4,23,2.368421052631579,mse_from_modulo_method,9
590,0.4,23,2.368421052631579,mse_from_modulo_method,10
591,0.4,23,2.368421052631579,mse_from_modulo_method,11
592,0.4,23,2.368421052631579,mse_from_modulo_method,12
593,0.4,23,2.368421052631579,mse_from_modulo_method,13
594,0.4,23,2.368421052631579,mse_from_modulo_method,14
595,0.4,23,2.368421052631579,mse_from_modulo_method,15
596,0.4,23,2.368421052631579,mse_from_modulo_method,16
597,0.4,23,2.368421052631579,mse_from_modulo_method,17
598,0.4,23,2.368421052631579,mse_from_modulo_method,18
599,0.4,23,2.368421052631579,mse_from_modulo_method,19
600,0.4,23,2.4947368421052634,mse_from_naive_method,0
601,0.4,23,2.4947368421052634,mse_from_naive_method,1
602,0.4,23,2.4947368421052634,mse_from_naive_method,2
603,0.4,23,2.4947368421052634,mse_from_naive_method,3
604,0.4,23,2.4947368421052634,mse_from_naive_method,4
605,0.4,23,2.4947368421052634,mse_from_naive_method,5
606,0.4,23,2.4947368421052634,mse_from_naive_method,6
607,0.4,23,2.4947368421052634,mse_from_naive_method,7
608,0.4,23,2.4947368421052634,mse_from_naive_method,8
609,0.4,23,2.4947368421052634,mse_from_naive_method,9
610,0.4,23,2.4947368421052634,mse_from_naive_method,10
611,0.4,23,2.4947368421052634,mse_from_naive_method,11
612,0.4,23,2.4947368421052634,mse_from_naive_method,12
613,0.4,23,2.4947368421052634,mse_from_naive_method,13
614,0.4,23,2.4947368421052634,mse_from_naive_method,14
615,0.4,23,2.4947368421052634,mse_from_naive_method,15
616,0.4,23,2.4947368421052634,mse_from_naive_method,16
617,0.4,23,2.4947368421052634,mse_from_naive_method,17
618,0.4,23,2.4947368421052634,mse_from_naive_method,18
619,0.4,23,2.4947368421052634,mse_from_naive_method,19
620,0.4,23,2.4947368421052634,mse_from_modulo_method,0
621,0.4,23,2.4947368421052634,mse_from_modulo_method,1
622,0.4,23,2.4947368421052634,mse_from_modulo_method,2
623,0.4,23,2.4947368421052634,mse_from_modulo_method,3
624,0.4,23,2.4947368421052634,mse_from_modulo_method,4
625,0.4,23,2.4947368421052634,mse_from_modulo_method,5
626,0.4,23,2.4947368421052634,mse_from_modulo_method,6
627,0.4,23,2.4947368421052634,mse_from_modulo_method,7
628,0.4,23,2.4947368421052634,mse_from_modulo_method,8
629,0.4,23,2.4947368421052634,mse_from_modulo_method,9
630,0.4,23,2.4947368421052634,mse_from_modulo_method,10
631,0.4,23,2.4947368421052634,mse_from_modulo_method,11
632,0.4,23,2.4947368421052634,mse_from_modulo_method,12
633,0.4,23,2.4947368421052634,mse_from_modulo_method,13
634,0.4,23,2.4947368421052634,mse_from_modulo_method,14
635,0.4,23,2.4947368421052634,mse_from_modulo_method,15
636,0.4,23,2.4947368421052634,mse_from_modulo_method,16
637,0.4,23,2.4947368421052634,mse_from_modulo_method,17
638,0.4,23,2.4947368421052634,mse_from_modulo_method,18
639,0.4,23,2.4947368421052634,mse_from_modulo_method,19
640,0.4,23,2.6210526315789475,mse_from_naive_method,0
641,0.4,23,2.6210526315789475,mse_from_naive_method,1
642,0.4,23,2.6210526315789475,mse_from_naive_method,2
643,0.4,23,2.6210526315789475,mse_from_naive_method,3
644,0.4,23,2.6210526315789475,mse_from_naive_method,4
645,0.4,23,2.6210526315789475,mse_from_naive_method,5
646,0.4,23,2.6210526315789475,mse_from_naive_method,6
647,0.4,23,2.6210526315789475,mse_from_naive_method,7
648,0.4,23,2.6210526315789475,mse_from_naive_method,8
649,0.4,23,2.6210526315789475,mse_from_naive_method,9
650,0.4,23,2.6210526315789475,mse_from_naive_method,10
651,0.4,23,2.6210526315789475,mse_from_naive_method,11
652,0.4,23,2.6210526315789475,mse_from_naive_method,12
653,0.4,23,2.6210526315789475,mse_from_naive_method,13
654,0.4,23,2.6210526315789475,mse_from_naive_method,14
655,0.4,23,2.6210526315789475,mse_from_naive_method,15
656,0.4,23,2.6210526315789475,mse_from_naive_method,16
657,0.4,23,2.6210526315789475,mse_from_naive_method,17
658,0.4,23,2.6210526315789475,mse_from_naive_method,18
659,0.4,23,2.6210526315789475,mse_from_naive_method,19
660,0.4,23,2.6210526315789475,mse_from_modulo_method,0
661,0.4,23,2.6210526315789475,mse_from_modulo_method,1
662,0.4,23,2.6210526315789475,mse_from_modulo_method,2
663,0.4,23,2.6210526315789475,mse_from_modulo_method,3
664,0.4,23,2.6210526315789475,mse_from_modulo_method,4
665,0.4,23,2.6210526315789475,mse_from_modulo_method,5
666,0.4,23,2.6210526315789475,mse_from_modulo_method,6
667,0.4,23,2.6210526315789475,mse_from_modulo_method,7
668,0.4,23,2.6210526315789475,mse_from_modulo_method,8
669,0.4,23,2.6210526315789475,mse_from_modulo_method,9
670,0.4,23,2.6210526315789475,mse_from_modulo_method,10
671,0.4,23,2.6210526315789475,mse_from_modulo_method,11
672,0.4,23,2.6210526315789475,mse_from_modulo_method,12
673,0.4,23,2.6210526315789475,mse_from_modulo_method,13
674,0.4,23,2.6210526315789475,mse_from_modulo_method,14
675,0.4,23,2.6210526315789475,mse_from_modulo_method,15
676,0.4,23,2.6210526315789475,mse_from_modulo_method,16
677,0.4,23,2.6210526315789475,mse_from_modulo_method,17
678,0.4,23,2.6210526315789475,mse_from_modulo_method,18
679,0.4,23,2.6210526315789475,mse_from_modulo_method,19
680,0.4,23,2.7473684210526317,mse_from_naive_method,0
681,0.4,23,2.7473684210526317,mse_from_naive_method,1
682,0.4,23,2.7473684210526317,mse_from_naive_method,2
683,0.4,23,2.7473684210526317,mse_from_naive_method,3
684,0.4,23,2.7473684210526317,mse_from_naive_method,4
685,0.4,23,2.7473684210526317,mse_from_naive_method,5
686,0.4,23,2.7473684210526317,mse_from_naive_method,6
687,0.4,23,2.7473684210526317,mse_from_naive_method,7
688,0.4,23,2.7473684210526317,mse_from_naive_method,8
689,0.4,23,2.7473684210526317,mse_from_naive_method,9
690,0.4,23,2.7473684210526317,mse_from_naive_method,10
691,0.4,23,2.7473684210526317,mse_from_naive_method,11
692,0.4,23,2.7473684210526317,mse_from_naive_method,12
693,0.4,23,2.7473684210526317,mse_from_naive_method,13
694,0.4,23,2.7473684210526317,mse_from_naive_method,14
695,0.4,23,2.7473684210526317,mse_from_naive_method,15
696,0.4,23,2.7473684210526317,mse_from_naive_method,16
697,0.4,23,2.7473684210526317,mse_from_naive_method,17
698,0.4,23,2.7473684210526317,mse_from_naive_method,18
699,0.4,23,2.7473684210526317,mse_from_naive_method,19
700,0.4,23,2.7473684210526317,mse_from_modulo_method,0
701,0.4,23,2.7473684210526317,mse_from_modulo_method,1
702,0.4,23,2.7473684210526317,mse_from_modulo_method,2
703,0.4,23,2.7473684210526317,mse_from_modulo_method,3
704,0.4,23,2.7473684210526317,mse_from_modulo_method,4
705,0.4,23,2.7473684210526317,mse_from_modulo_method,5
706,0.4,23,2.7473684210526317,mse_from_modulo_method,6
707,0.4,23,2.7473684210526317,mse_from_modulo_method,7
708,0.4,23,2.7473684210526317,mse_from_modulo_method,8
709,0.4,23,2.7473684210526317,mse_from_modulo_method,9
710,0.4,23,2.7473684210526317,mse_from_modulo_method,10
711,0.4,23,2.7473684210526317,mse_from_modulo_method,11
712,0.4,23,2.7473684210526317,mse_from_modulo_method,12
713,0.4,23,2.7473684210526317,mse_from_modulo_method,13
714,0.4,23,2.7473684210526317,mse_from_modulo_method,14
715,0.4,23,2.7473684210526317,mse_from_modulo_method,15
716,0.4,23,2.7473684210526317,mse_from_modulo_method,16
717,0.4,23,2.7473684210526317,mse_from_modulo_method,17
718,0.4,23,2.7473684210526317,mse_from_modulo_method,18
719,0.4,23,2.7473684210526317,mse_from_modulo_method,19
720,0.4,23,2.873684210526316,mse_from_naive_method,0
721,0.4,23,2.873684210526316,mse_from_naive_method,1
722,0.4,23,2.873684210526316,mse_from_naive_method,2
723,0.4,23,2.873684210526316,mse_from_naive_method,3
724,0.4,23,2.873684210526316,mse_from_naive_method,4
725,0.4,23,2.873684210526316,mse_from_naive_method,5
726,0.4,23,2.873684210526316,mse_from_naive_method,6
727,0.4,23,2.873684210526316,mse_from_naive_method,7
728,0.4,23,2.873684210526316,mse_from_naive_method,8
729,0.4,23,2.873684210526316,mse_from_naive_method,9
730,0.4,23,2.873684210526316,mse_from_naive_method,10
731,0.4,23,2.873684210526316,mse_from_naive_method,11
732,0.4,23,2.873684210526316,mse_from_naive_method,12
733,0.4,23,2.873684210526316,mse_from_naive_method,13
734,0.4,23,2.873684210526316,mse_from_naive_method,14
735,0.4,23,2.873684210526316,mse_from_naive_method,15
736,0.4,23,2.873684210526316,mse_from_naive_method,16
737,0.4,23,2.873684210526316,mse_from_naive_method,17
738,0.4,23,2.873684210526316,mse_from_naive_method,18
739,0.4,23,2.873684210526316,mse_from_naive_method,19
740,0.4,23,2.873684210526316,mse_from_modulo_method,0
741,0.4,23,2.873684210526316,mse_from_modulo_method,1
742,0.4,23,2.873684210526316,mse_from_modulo_method,2
743,0.4,23,2.873684210526316,mse_from_modulo_method,3
744,0.4,23,2.873684210526316,mse_from_modulo_method,4
745,0.4,23,2.873684210526316,mse_from_modulo_method,5
746,0.4,23,2.873684210526316,mse_from_modulo_method,6
747,0.4,23,2.873684210526316,mse_from_modulo_method,7
748,0.4,23,2.873684210526316,mse_from_modulo_method,8
749,0.4,23,2.873684210526316,mse_from_modulo_method,9
750,0.4,23,2.873684210526316,mse_from_modulo_method,10
751,0.4,23,2.873684210526316,mse_from_modulo_method,11
752,0.4,23,2.873684210526316,mse_from_modulo_method,12
753,0.4,23,2.873684210526316,mse_from_modulo_method,13
754,0.4,23,2.873684210526316,mse_from_modulo_method,14
755,0.4,23,2.873684210526316,mse_from_modulo_method,15
756,0.4,23,2.873684210526316,mse_from_modulo_method,16
757,0.4,23,2.873684210526316,mse_from_modulo_method,17
758,0.4,23,2.873684210526316,mse_from_modulo_method,18
759,0.4,23,2.873684210526316,mse_from_modulo_method,19
760,0.4,23,3.0,mse_from_naive_method,0
761,0.4,23,3.0,mse_from_naive_method,1
762,0.4,23,3.0,mse_from_naive_method,2
763,0.4,23,3.0,mse_from_naive_method,3
764,0.4,23,3.0,mse_from_naive_method,4
765,0.4,23,3.0,mse_from_naive_method,5
766,0.4,23,3.0,mse_from_naive_method,6
767,0.4,23,3.0,mse_from_naive_method,7
768,0.4,23,3.0,mse_from_naive_method,8
769,0.4,23,3.0,mse_from_naive_method,9
770,0.4,23,3.0,mse_from_naive_method,10
771,0.4,23,3.0,mse_from_naive_method,11
772,0.4,23,3.0,mse_from_naive_method,12
773,0.4,23,3.0,mse_from_naive_method,13
774,0.4,23,3.0,mse_from_naive_method,14
775,0.4,23,3.0,mse_from_naive_method,15
776,0.4,23,3.0,mse_from_naive_method,16
777,0.4,23,3.0,mse_from_naive_method,17
778,0.4,23,3.0,mse_from_naive_method,18
779,0.4,23,3.0,mse_from_naive_method,19
780,0.4,23,3.0,mse_from_modulo_method,0
781,0.4,23,3.0,mse_from_modulo_method,1
782,0.4,23,3.0,mse_from_modulo_method,2
783,0.4,23,3.0,mse_from_modulo_method,3
784,0.4,23,3.0,mse_from_modulo_method,4
785,0.4,23,3.0,mse_from_modulo_method,5
786,0.4,23,3.0,mse_from_modulo_method,6
787,0.4,23,3.0,mse_from_modulo_method,7
788,0.4,23,3.0,mse_from_modulo_method,8
789,0.4,23,3.0,mse_from_modulo_method,9
790,0.4,23,3.0,mse_from_modulo_method,10
791,0.4,23,3.0,mse_from_modulo_method,11
792,0.4,23,3.0,mse_from_modulo_method,12
793,0.4,23,3.0,mse_from_modulo_method,13
794,0.4,23,3.0,mse_from_modulo_method,14
795,0.4,23,3.0,mse_from_modulo_method,15
796,0.4,23,3.0,mse_from_modulo_method,16
797,0.4,23,3.0,mse_from_modulo_method,17
798,0.4,23,3.0,mse_from_modulo_method,18
799,0.4,23,3.0,mse_from_modulo_method,19
